input,output
A股; 人工智能板块; 股东增长率 0-30,条件选股
A股; 机器人板块; 主力资金净流入 0-30,条件选股
A股; 机器人板块; 市盈率 0-30,条件选股
A股; 人工智能板块; 主力资金净流入 0-30,条件选股
A股; 白酒板块; 主力资金净流入 0-30,条件选股
A股; 新能源板块; 市盈率 0-30,条件选股
A股; 机器人板块; 成交量 0-30,条件选股
A股; 军工板块; 股东增长率 0-30,条件选股
A股; 机器人板块; 成交量 0-30,条件选股
A股; 新能源板块; 涨幅 0-30,条件选股
A股; 光伏板块; 股东增长率 0-30,条件选股
A股; 人工智能板块; 主力资金净流入 0-30,条件选股
A股; 白酒板块; 主力资金净流入 0-30,条件选股
A股; 机器人板块; 市盈率 0-30,条件选股
A股; 军工板块; 主力资金净流入 0-30,条件选股
A股; 机器人板块; 成交量 0-30,条件选股
A股; 新能源板块; 涨幅 0-30,条件选股
A股; 机器人板块; 成交量 0-30,条件选股
A股; 新能源板块; 成交量 0-30,条件选股
A股; 人工智能板块; 成交量 0-30,条件选股
A股; 军工板块; 主力资金净流入 0-30,条件选股
A股; 银行板块; 主力资金净流入 0-30,条件选股
A股; 半导体板块; 市净率 0-30,条件选股
A股; 机器人板块; 成交量 0-30,条件选股
A股; 新能源板块; 成交量 0-30,条件选股
A股; 银行板块; 主力资金净流入 0-30,条件选股
A股; 白酒板块; 股东增长率 0-30,条件选股
A股; 机器人板块; 股东增长率 0-30,条件选股
A股; 机器人板块; 成交量 0-30,条件选股
A股; 白酒板块; 股东增长率 0-30,条件选股
A股; 光伏板块; 市净率 0-30,条件选股
A股; 新能源板块; 成交量 0-30,条件选股
A股; 新能源板块; 市净率 0-30,条件选股
A股; 人工智能板块; 主力资金净流入 0-30,条件选股
A股; 银行板块; 主力资金净流入 0-30,条件选股
A股; 半导体板块; 成交量 0-30,条件选股
A股; 军工板块; 主力资金净流入 0-30,条件选股
A股; 军工板块; 主力资金净流入 0-30,条件选股
A股; 新能源板块; 涨幅 0-30,条件选股
A股; 人工智能板块; 市净率 0-30,条件选股
A股; 人工智能板块; 股东增长率 0-30,条件选股
A股; 军工板块; 股东增长率 0-30,条件选股
A股; 光伏板块; 涨幅 0-30,条件选股
A股; 白酒板块; 涨幅 0-30,条件选股
A股; 半导体板块; 涨幅 0-30,条件选股
A股; 机器人板块; 股东增长率 0-30,条件选股
A股; 军工板块; 涨幅 0-30,条件选股
A股; 新能源板块; 主力资金净流入 0-30,条件选股
A股; 军工板块; 市净率 0-30,条件选股
A股; 新能源板块; 主力资金净流入 0-30,条件选股
A股; 银行板块; 涨幅 0-30,条件选股
A股; 军工板块; 市净率 0-30,条件选股
A股; 半导体板块; 市盈率 0-30,条件选股
A股; 机器人板块; 主力资金净流入 0-30,条件选股
A股; 机器人板块; 市盈率 0-30,条件选股
A股; 光伏板块; 市盈率 0-30,条件选股
A股; 军工板块; 主力资金净流入 0-30,条件选股
A股; 半导体板块; 股东增长率 0-30,条件选股
A股; 新能源板块; 成交量 0-30,条件选股
A股; 银行板块; 涨幅 0-30,条件选股
A股; 军工板块; 主力资金净流入 0-30,条件选股
A股; 人工智能板块; 主力资金净流入 0-30,条件选股
A股; 机器人板块; 成交量 0-30,条件选股
A股; 银行板块; 市盈率 0-30,条件选股
A股; 光伏板块; 市净率 0-30,条件选股
A股; 半导体板块; 市净率 0-30,条件选股
A股; 人工智能板块; 涨幅 0-30,条件选股
A股; 光伏板块; 主力资金净流入 0-30,条件选股
A股; 新能源板块; 涨幅 0-30,条件选股
A股; 半导体板块; 市盈率 0-30,条件选股
A股; 新能源板块; 市净率 0-30,条件选股
A股; 机器人板块; 成交量 0-30,条件选股
A股; 新能源板块; 主力资金净流入 0-30,条件选股
A股; 银行板块; 市盈率 0-30,条件选股
A股; 军工板块; 涨幅 0-30,条件选股
A股; 白酒板块; 成交量 0-30,条件选股
A股; 银行板块; 成交量 0-30,条件选股
A股; 银行板块; 市净率 0-30,条件选股
A股; 银行板块; 成交量 0-30,条件选股
A股; 光伏板块; 市净率 0-30,条件选股
A股; 银行板块; 主力资金净流入 0-30,条件选股
A股; 银行板块; 成交量 0-30,条件选股
A股; 人工智能板块; 主力资金净流入 0-30,条件选股
A股; 白酒板块; 成交量 0-30,条件选股
A股; 新能源板块; 市盈率 0-30,条件选股
A股; 半导体板块; 成交量 0-30,条件选股
A股; 军工板块; 股东增长率 0-30,条件选股
A股; 军工板块; 股东增长率 0-30,条件选股
A股; 新能源板块; 主力资金净流入 0-30,条件选股
A股; 人工智能板块; 涨幅 0-30,条件选股
A股; 半导体板块; 市盈率 0-30,条件选股
A股; 光伏板块; 股东增长率 0-30,条件选股
A股; 人工智能板块; 涨幅 0-30,条件选股
A股; 军工板块; 成交量 0-30,条件选股
A股; 新能源板块; 涨幅 0-30,条件选股
A股; 军工板块; 市净率 0-30,条件选股
A股; 银行板块; 股东增长率 0-30,条件选股
A股; 银行板块; 成交量 0-30,条件选股
A股; 人工智能板块; 市盈率 0-30,条件选股
A股; 人工智能板块; 市净率 0-30,条件选股
A股; 人工智能板块; 股东增长率 0-30,条件选股
A股; 新能源板块; 股东增长率 0-30,条件选股
A股; 人工智能板块; 主力资金净流入 0-30,条件选股
A股; 白酒板块; 主力资金净流入 0-30,条件选股
A股; 军工板块; 成交量 0-30,条件选股
A股; 机器人板块; 成交量 0-30,条件选股
A股; 新能源板块; 市盈率 0-30,条件选股
A股; 半导体板块; 股东增长率 0-30,条件选股
A股; 白酒板块; 市盈率 0-30,条件选股
A股; 光伏板块; 涨幅 0-30,条件选股
A股; 机器人板块; 市盈率 0-30,条件选股
A股; 半导体板块; 涨幅 0-30,条件选股
A股; 白酒板块; 市盈率 0-30,条件选股
A股; 军工板块; 主力资金净流入 0-30,条件选股
A股; 银行板块; 成交量 0-30,条件选股
A股; 半导体板块; 主力资金净流入 0-30,条件选股
A股; 银行板块; 市净率 0-30,条件选股
A股; 银行板块; 市净率 0-30,条件选股
A股; 光伏板块; 股东增长率 0-30,条件选股
A股; 白酒板块; 市净率 0-30,条件选股
A股; 人工智能板块; 主力资金净流入 0-30,条件选股
A股; 白酒板块; 主力资金净流入 0-30,条件选股
A股; 军工板块; 主力资金净流入 0-30,条件选股
A股; 光伏板块; 主力资金净流入 0-30,条件选股
A股; 军工板块; 市盈率 0-30,条件选股
A股; 军工板块; 市净率 0-30,条件选股
A股; 军工板块; 主力资金净流入 0-30,条件选股
A股; 新能源板块; 涨幅 0-30,条件选股
A股; 白酒板块; 成交量 0-30,条件选股
A股; 光伏板块; 主力资金净流入 0-30,条件选股
A股; 银行板块; 市盈率 0-30,条件选股
A股; 光伏板块; 市盈率 0-30,条件选股
A股; 人工智能板块; 市盈率 0-30,条件选股
A股; 银行板块; 成交量 0-30,条件选股
A股; 银行板块; 成交量 0-30,条件选股
A股; 新能源板块; 成交量 0-30,条件选股
A股; 白酒板块; 主力资金净流入 0-30,条件选股
A股; 机器人板块; 市盈率 0-30,条件选股
A股; 光伏板块; 市盈率 0-30,条件选股
A股; 机器人板块; 市盈率 0-30,条件选股
A股; 新能源板块; 股东增长率 0-30,条件选股
A股; 机器人板块; 股东增长率 0-30,条件选股
A股; 光伏板块; 成交量 0-30,条件选股
A股; 光伏板块; 市盈率 0-30,条件选股
A股; 银行板块; 市盈率 0-30,条件选股
A股; 银行板块; 涨幅 0-30,条件选股
A股; 银行板块; 成交量 0-30,条件选股
A股; 新能源板块; 市盈率 0-30,条件选股
A股; 军工板块; 成交量 0-30,条件选股
A股; 机器人板块; 股东增长率 0-30,条件选股
A股; 光伏板块; 股东增长率 0-30,条件选股
A股; 机器人板块; 主力资金净流入 0-30,条件选股
A股; 光伏板块; 成交量 0-30,条件选股
A股; 光伏板块; 市盈率 0-30,条件选股
A股; 军工板块; 市净率 0-30,条件选股
A股; 半导体板块; 市净率 0-30,条件选股
A股; 光伏板块; 股东增长率 0-30,条件选股
A股; 人工智能板块; 成交量 0-30,条件选股
A股; 军工板块; 涨幅 0-30,条件选股
A股; 白酒板块; 涨幅 0-30,条件选股
A股; 军工板块; 市盈率 0-30,条件选股
A股; 白酒板块; 涨幅 0-30,条件选股
A股; 半导体板块; 股东增长率 0-30,条件选股
A股; 半导体板块; 成交量 0-30,条件选股
A股; 军工板块; 市净率 0-30,条件选股
A股; 新能源板块; 成交量 0-30,条件选股
A股; 人工智能板块; 成交量 0-30,条件选股
A股; 半导体板块; 主力资金净流入 0-30,条件选股
A股; 军工板块; 市净率 0-30,条件选股
A股; 军工板块; 主力资金净流入 0-30,条件选股
A股; 银行板块; 市盈率 0-30,条件选股
A股; 新能源板块; 市净率 0-30,条件选股
A股; 机器人板块; 主力资金净流入 0-30,条件选股
A股; 新能源板块; 股东增长率 0-30,条件选股
A股; 半导体板块; 涨幅 0-30,条件选股
A股; 人工智能板块; 股东增长率 0-30,条件选股
A股; 光伏板块; 主力资金净流入 0-30,条件选股
A股; 银行板块; 主力资金净流入 0-30,条件选股
A股; 半导体板块; 市净率 0-30,条件选股
A股; 半导体板块; 股东增长率 0-30,条件选股
A股; 银行板块; 成交量 0-30,条件选股
A股; 新能源板块; 市净率 0-30,条件选股
A股; 白酒板块; 主力资金净流入 0-30,条件选股
A股; 人工智能板块; 成交量 0-30,条件选股
A股; 机器人板块; 市盈率 0-30,条件选股
A股; 人工智能板块; 成交量 0-30,条件选股
A股; 新能源板块; 主力资金净流入 0-30,条件选股
A股; 人工智能板块; 市净率 0-30,条件选股
A股; 白酒板块; 市净率 0-30,条件选股
A股; 军工板块; 市盈率 0-30,条件选股
A股; 军工板块; 成交量 0-30,条件选股
A股; 半导体板块; 成交量 0-30,条件选股
A股; 光伏板块; 市盈率 0-30,条件选股
A股; 半导体板块; 成交量 0-30,条件选股
A股; 半导体板块; 市净率 0-30,条件选股
A股; 人工智能板块; 主力资金净流入 0-30,条件选股
A股; 光伏板块; 股东增长率 0-30,条件选股
A股; 白酒板块; 成交量 0-30,条件选股
A股; 银行板块; 涨幅 0-30,条件选股
A股; 军工板块; 股东增长率 0-30,条件选股
A股; 光伏板块; 市盈率 0-30,条件选股
A股; 军工板块; 市盈率 0-30,条件选股
A股; 军工板块; 涨幅 0-30,条件选股
A股; 银行板块; 股东增长率 0-30,条件选股
A股; 新能源板块; 市净率 0-30,条件选股
A股; 机器人板块; 涨幅 0-30,条件选股
A股; 人工智能板块; 成交量 0-30,条件选股
A股; 银行板块; 股东增长率 0-30,条件选股
A股; 机器人板块; 主力资金净流入 0-30,条件选股
A股; 机器人板块; 市净率 0-30,条件选股
A股; 机器人板块; 主力资金净流入 0-30,条件选股
A股; 白酒板块; 市盈率 0-30,条件选股
A股; 人工智能板块; 成交量 0-30,条件选股
A股; 白酒板块; 涨幅 0-30,条件选股
A股; 光伏板块; 市净率 0-30,条件选股
A股; 机器人板块; 股东增长率 0-30,条件选股
A股; 银行板块; 成交量 0-30,条件选股
A股; 光伏板块; 涨幅 0-30,条件选股
A股; 人工智能板块; 涨幅 0-30,条件选股
A股; 新能源板块; 市净率 0-30,条件选股
A股; 军工板块; 市净率 0-30,条件选股
A股; 军工板块; 主力资金净流入 0-30,条件选股
A股; 光伏板块; 市净率 0-30,条件选股
A股; 机器人板块; 主力资金净流入 0-30,条件选股
A股; 新能源板块; 成交量 0-30,条件选股
A股; 银行板块; 主力资金净流入 0-30,条件选股
A股; 光伏板块; 涨幅 0-30,条件选股
A股; 光伏板块; 市净率 0-30,条件选股
A股; 半导体板块; 成交量 0-30,条件选股
A股; 人工智能板块; 市净率 0-30,条件选股
A股; 半导体板块; 市净率 0-30,条件选股
A股; 半导体板块; 股东增长率 0-30,条件选股
A股; 银行板块; 涨幅 0-30,条件选股
A股; 新能源板块; 股东增长率 0-30,条件选股
A股; 半导体板块; 股东增长率 0-30,条件选股
A股; 白酒板块; 市净率 0-30,条件选股
A股; 银行板块; 市盈率 0-30,条件选股
A股; 人工智能板块; 市盈率 0-30,条件选股
A股; 军工板块; 市盈率 0-30,条件选股
A股; 人工智能板块; 成交量 0-30,条件选股
A股; 白酒板块; 市净率 0-30,条件选股
A股; 军工板块; 股东增长率 0-30,条件选股
A股; 机器人板块; 股东增长率 0-30,条件选股
A股; 军工板块; 涨幅 0-30,条件选股
A股; 新能源板块; 成交量 0-30,条件选股
A股; 半导体板块; 股东增长率 0-30,条件选股
A股; 光伏板块; 股东增长率 0-30,条件选股
A股; 新能源板块; 市净率 0-30,条件选股
A股; 半导体板块; 市盈率 0-30,条件选股
A股; 光伏板块; 市净率 0-30,条件选股
A股; 人工智能板块; 市盈率 0-30,条件选股
A股; 半导体板块; 股东增长率 0-30,条件选股
A股; 军工板块; 主力资金净流入 0-30,条件选股
A股; 新能源板块; 主力资金净流入 0-30,条件选股
A股; 银行板块; 主力资金净流入 0-30,条件选股
A股; 白酒板块; 市盈率 0-30,条件选股
A股; 半导体板块; 主力资金净流入 0-30,条件选股
A股; 白酒板块; 市净率 0-30,条件选股
A股; 白酒板块; 市净率 0-30,条件选股
A股; 人工智能板块; 股东增长率 0-30,条件选股
A股; 银行板块; 股东增长率 0-30,条件选股
A股; 光伏板块; 涨幅 0-30,条件选股
A股; 军工板块; 股东增长率 0-30,条件选股
A股; 半导体板块; 成交量 0-30,条件选股
A股; 军工板块; 股东增长率 0-30,条件选股
A股; 新能源板块; 涨幅 0-30,条件选股
A股; 银行板块; 成交量 0-30,条件选股
A股; 白酒板块; 主力资金净流入 0-30,条件选股
A股; 军工板块; 市净率 0-30,条件选股
A股; 机器人板块; 股东增长率 0-30,条件选股
A股; 银行板块; 市盈率 0-30,条件选股
A股; 军工板块; 市净率 0-30,条件选股
A股; 白酒板块; 成交量 0-30,条件选股
A股; 银行板块; 成交量 0-30,条件选股
A股; 银行板块; 涨幅 0-30,条件选股
A股; 新能源板块; 成交量 0-30,条件选股
A股; 新能源板块; 涨幅 0-30,条件选股
A股; 人工智能板块; 涨幅 0-30,条件选股
A股; 新能源板块; 市净率 0-30,条件选股
A股; 军工板块; 涨幅 0-30,条件选股
A股; 新能源板块; 成交量 0-30,条件选股
A股; 机器人板块; 涨幅 0-30,条件选股
A股; 新能源板块; 主力资金净流入 0-30,条件选股
A股; 光伏板块; 成交量 0-30,条件选股
A股; 白酒板块; 市净率 0-30,条件选股
A股; 机器人板块; 成交量 0-30,条件选股
A股; 机器人板块; 股东增长率 0-30,条件选股
A股; 光伏板块; 市盈率 0-30,条件选股
A股; 白酒板块; 涨幅 0-30,条件选股
A股; 军工板块; 市净率 0-30,条件选股
A股; 银行板块; 市盈率 0-30,条件选股
A股; 人工智能板块; 股东增长率 0-30,条件选股
A股; 机器人板块; 市净率 0-30,条件选股
A股; 人工智能板块; 成交量 0-30,条件选股
A股; 白酒板块; 市盈率 0-30,条件选股
A股; 机器人板块; 市净率 0-30,条件选股
A股; 新能源板块; 涨幅 0-30,条件选股
A股; 机器人板块; 主力资金净流入 0-30,条件选股
A股; 银行板块; 股东增长率 0-30,条件选股
A股; 白酒板块; 股东增长率 0-30,条件选股
A股; 半导体板块; 主力资金净流入 0-30,条件选股
A股; 人工智能板块; 市净率 0-30,条件选股
A股; 银行板块; 市盈率 0-30,条件选股
A股; 银行板块; 市盈率 0-30,条件选股
A股; 半导体板块; 市净率 0-30,条件选股
A股; 机器人板块; 市盈率 0-30,条件选股
A股; 新能源板块; 股东增长率 0-30,条件选股
A股; 银行板块; 主力资金净流入 0-30,条件选股
A股; 军工板块; 涨幅 0-30,条件选股
A股; 银行板块; 成交量 0-30,条件选股
A股; 机器人板块; 股东增长率 0-30,条件选股
A股; 白酒板块; 市盈率 0-30,条件选股
A股; 机器人板块; 市盈率 0-30,条件选股
A股; 军工板块; 主力资金净流入 0-30,条件选股
A股; 半导体板块; 涨幅 0-30,条件选股
A股; 军工板块; 成交量 0-30,条件选股
A股; 半导体板块; 涨幅 0-30,条件选股
A股; 军工板块; 市盈率 0-30,条件选股
A股; 光伏板块; 涨幅 0-30,条件选股
A股; 光伏板块; 市盈率 0-30,条件选股
A股; 人工智能板块; 成交量 0-30,条件选股
A股; 人工智能板块; 涨幅 0-30,条件选股
A股; 机器人板块; 主力资金净流入 0-30,条件选股
A股; 机器人板块; 成交量 0-30,条件选股
A股; 新能源板块; 股东增长率 0-30,条件选股
A股; 军工板块; 股东增长率 0-30,条件选股
A股; 银行板块; 涨幅 0-30,条件选股
A股; 半导体板块; 成交量 0-30,条件选股
A股; 军工板块; 主力资金净流入 0-30,条件选股
A股; 白酒板块; 市净率 0-30,条件选股
A股; 人工智能板块; 涨幅 0-30,条件选股
A股; 机器人板块; 市盈率 0-30,条件选股
A股; 白酒板块; 市净率 0-30,条件选股
A股; 军工板块; 主力资金净流入 0-30,条件选股
A股; 光伏板块; 成交量 0-30,条件选股
A股; 军工板块; 涨幅 0-30,条件选股
A股; 银行板块; 涨幅 0-30,条件选股
A股; 人工智能板块; 市盈率 0-30,条件选股
A股; 新能源板块; 市盈率 0-30,条件选股
A股; 光伏板块; 成交量 0-30,条件选股
A股; 新能源板块; 涨幅 0-30,条件选股
A股; 人工智能板块; 成交量 0-30,条件选股
A股; 白酒板块; 成交量 0-30,条件选股
A股; 白酒板块; 股东增长率 0-30,条件选股
A股; 光伏板块; 主力资金净流入 0-30,条件选股
A股; 军工板块; 主力资金净流入 0-30,条件选股
A股; 新能源板块; 主力资金净流入 0-30,条件选股
A股; 新能源板块; 涨幅 0-30,条件选股
A股; 银行板块; 股东增长率 0-30,条件选股
A股; 军工板块; 成交量 0-30,条件选股
A股; 军工板块; 成交量 0-30,条件选股
A股; 人工智能板块; 股东增长率 0-30,条件选股
A股; 军工板块; 主力资金净流入 0-30,条件选股
A股; 白酒板块; 成交量 0-30,条件选股
A股; 光伏板块; 主力资金净流入 0-30,条件选股
A股; 光伏板块; 股东增长率 0-30,条件选股
A股; 人工智能板块; 市盈率 0-30,条件选股
A股; 半导体板块; 市盈率 0-30,条件选股
A股; 军工板块; 主力资金净流入 0-30,条件选股
A股; 半导体板块; 市盈率 0-30,条件选股
A股; 白酒板块; 市净率 0-30,条件选股
A股; 半导体板块; 涨幅 0-30,条件选股
A股; 光伏板块; 市净率 0-30,条件选股
A股; 光伏板块; 市净率 0-30,条件选股
A股; 机器人板块; 涨幅 0-30,条件选股
A股; 半导体板块; 市盈率 0-30,条件选股
A股; 新能源板块; 主力资金净流入 0-30,条件选股
A股; 光伏板块; 股东增长率 0-30,条件选股
A股; 光伏板块; 涨幅 0-30,条件选股
A股; 半导体板块; 市净率 0-30,条件选股
A股; 白酒板块; 市盈率 0-30,条件选股
A股; 机器人板块; 市净率 0-30,条件选股
A股; 银行板块; 主力资金净流入 0-30,条件选股
A股; 光伏板块; 市净率 0-30,条件选股
A股; 半导体板块; 成交量 0-30,条件选股
A股; 半导体板块; 涨幅 0-30,条件选股
A股; 白酒板块; 涨幅 0-30,条件选股
A股; 白酒板块; 成交量 0-30,条件选股
A股; 半导体板块; 主力资金净流入 0-30,条件选股
A股; 白酒板块; 市净率 0-30,条件选股
A股; 银行板块; 涨幅 0-30,条件选股
A股; 半导体板块; 市盈率 0-30,条件选股
A股; 半导体板块; 成交量 0-30,条件选股
A股; 半导体板块; 主力资金净流入 0-30,条件选股
A股; 人工智能板块; 市净率 0-30,条件选股
A股; 白酒板块; 市盈率 0-30,条件选股
A股; 银行板块; 主力资金净流入 0-30,条件选股
A股; 新能源板块; 涨幅 0-30,条件选股
A股; 银行板块; 主力资金净流入 0-30,条件选股
A股; 半导体板块; 主力资金净流入 0-30,条件选股
A股; 半导体板块; 股东增长率 0-30,条件选股
A股; 光伏板块; 涨幅 0-30,条件选股
A股; 军工板块; 市净率 0-30,条件选股
A股; 半导体板块; 主力资金净流入 0-30,条件选股
A股; 机器人板块; 股东增长率 0-30,条件选股
A股; 新能源板块; 市盈率 0-30,条件选股
A股; 人工智能板块; 涨幅 0-30,条件选股
A股; 机器人板块; 股东增长率 0-30,条件选股
A股; 机器人板块; 市净率 0-30,条件选股
A股; 白酒板块; 主力资金净流入 0-30,条件选股
A股; 白酒板块; 主力资金净流入 0-30,条件选股
A股; 光伏板块; 成交量 0-30,条件选股
A股; 银行板块; 成交量 0-30,条件选股
A股; 光伏板块; 主力资金净流入 0-30,条件选股
A股; 银行板块; 市盈率 0-30,条件选股
A股; 半导体板块; 市净率 0-30,条件选股
A股; 光伏板块; 成交量 0-30,条件选股
A股; 机器人板块; 市净率 0-30,条件选股
A股; 新能源板块; 主力资金净流入 0-30,条件选股
A股; 半导体板块; 股东增长率 0-30,条件选股
A股; 人工智能板块; 涨幅 0-30,条件选股
A股; 白酒板块; 主力资金净流入 0-30,条件选股
A股; 新能源板块; 成交量 0-30,条件选股
A股; 新能源板块; 成交量 0-30,条件选股
A股; 军工板块; 市净率 0-30,条件选股
A股; 银行板块; 涨幅 0-30,条件选股
A股; 半导体板块; 成交量 0-30,条件选股
A股; 新能源板块; 涨幅 0-30,条件选股
A股; 半导体板块; 涨幅 0-30,条件选股
A股; 白酒板块; 市盈率 0-30,条件选股
A股; 白酒板块; 市净率 0-30,条件选股
A股; 人工智能板块; 市净率 0-30,条件选股
A股; 新能源板块; 市盈率 0-30,条件选股
A股; 人工智能板块; 股东增长率 0-30,条件选股
A股; 光伏板块; 市净率 0-30,条件选股
A股; 银行板块; 市净率 0-30,条件选股
A股; 银行板块; 市净率 0-30,条件选股
A股; 军工板块; 市盈率 0-30,条件选股
A股; 军工板块; 主力资金净流入 0-30,条件选股
A股; 人工智能板块; 成交量 0-30,条件选股
A股; 人工智能板块; 成交量 0-30,条件选股
A股; 光伏板块; 市盈率 0-30,条件选股
A股; 银行板块; 股东增长率 0-30,条件选股
A股; 人工智能板块; 市盈率 0-30,条件选股
A股; 银行板块; 主力资金净流入 0-30,条件选股
A股; 银行板块; 市净率 0-30,条件选股
A股; 光伏板块; 市净率 0-30,条件选股
A股; 半导体板块; 成交量 0-30,条件选股
A股; 银行板块; 成交量 0-30,条件选股
A股; 军工板块; 市净率 0-30,条件选股
A股; 新能源板块; 主力资金净流入 0-30,条件选股
A股; 新能源板块; 市盈率 0-30,条件选股
A股; 军工板块; 市盈率 0-30,条件选股
A股; 机器人板块; 涨幅 0-30,条件选股
A股; 新能源板块; 涨幅 0-30,条件选股
A股; 白酒板块; 股东增长率 0-30,条件选股
A股; 新能源板块; 股东增长率 0-30,条件选股
A股; 军工板块; 主力资金净流入 0-30,条件选股
A股; 军工板块; 主力资金净流入 0-30,条件选股
A股; 白酒板块; 市盈率 0-30,条件选股
A股; 新能源板块; 主力资金净流入 0-30,条件选股
A股; 白酒板块; 市净率 0-30,条件选股
A股; 人工智能板块; 涨幅 0-30,条件选股
A股; 半导体板块; 市盈率 0-30,条件选股
A股; 白酒板块; 成交量 0-30,条件选股
A股; 新能源板块; 主力资金净流入 0-30,条件选股
A股; 人工智能板块; 主力资金净流入 0-30,条件选股
A股; 银行板块; 市盈率 0-30,条件选股
A股; 新能源板块; 市净率 0-30,条件选股
A股; 光伏板块; 市净率 0-30,条件选股
A股; 军工板块; 市净率 0-30,条件选股
A股; 人工智能板块; 股东增长率 0-30,条件选股
A股; 光伏板块; 主力资金净流入 0-30,条件选股
A股; 半导体板块; 主力资金净流入 0-30,条件选股
A股; 光伏板块; 股东增长率 0-30,条件选股
A股; 机器人板块; 主力资金净流入 0-30,条件选股
A股; 半导体板块; 主力资金净流入 0-30,条件选股
A股; 人工智能板块; 市净率 0-30,条件选股
A股; 机器人板块; 涨幅 0-30,条件选股
A股; 新能源板块; 涨幅 0-30,条件选股
A股; 半导体板块; 主力资金净流入 0-30,条件选股
A股; 机器人板块; 主力资金净流入 0-30,条件选股
A股; 军工板块; 市净率 0-30,条件选股
A股; 军工板块; 主力资金净流入 0-30,条件选股
A股; 机器人板块; 主力资金净流入 0-30,条件选股
A股; 银行板块; 股东增长率 0-30,条件选股
A股; 机器人板块; 涨幅 0-30,条件选股
A股; 军工板块; 涨幅 0-30,条件选股
A股; 银行板块; 市净率 0-30,条件选股
A股; 军工板块; 市净率 0-30,条件选股
A股; 白酒板块; 市净率 0-30,条件选股
A股; 银行板块; 成交量 0-30,条件选股
A股; 白酒板块; 主力资金净流入 0-30,条件选股
A股; 光伏板块; 涨幅 0-30,条件选股
A股; 光伏板块; 主力资金净流入 0-30,条件选股
A股; 光伏板块; 市盈率 0-30,条件选股
A股; 白酒板块; 涨幅 0-30,条件选股
A股; 银行板块; 涨幅 0-30,条件选股
A股; 银行板块; 涨幅 0-30,条件选股
A股; 银行板块; 主力资金净流入 0-30,条件选股
A股; 半导体板块; 股东增长率 0-30,条件选股
A股; 白酒板块; 市净率 0-30,条件选股
A股; 新能源板块; 主力资金净流入 0-30,条件选股
A股; 白酒板块; 市盈率 0-30,条件选股
A股; 军工板块; 主力资金净流入 0-30,条件选股
A股; 白酒板块; 主力资金净流入 0-30,条件选股
A股; 新能源板块; 成交量 0-30,条件选股
A股; 白酒板块; 市净率 0-30,条件选股
A股; 机器人板块; 市盈率 0-30,条件选股
A股; 机器人板块; 市净率 0-30,条件选股
隆基绿能市净率,查询数据
五粮液主力资金净流入,查询数据
贵州茅台主力资金净流入,查询数据
比亚迪市盈率,查询数据
贵州茅台成交量,查询数据
宁德时代涨幅,查询数据
宁德时代主力资金净流入,查询数据
五粮液成交量,查询数据
中芯国际成交量,查询数据
比亚迪主力资金净流入,查询数据
立讯精密主力资金净流入,查询数据
贵州茅台涨幅,查询数据
宁德时代涨幅,查询数据
贵州茅台主力资金净流入,查询数据
宁德时代成交量,查询数据
隆基绿能股东增长率,查询数据
贵州茅台股东增长率,查询数据
中芯国际市盈率,查询数据
比亚迪涨幅,查询数据
中芯国际主力资金净流入,查询数据
东方财富市盈率,查询数据
比亚迪涨幅,查询数据
宁德时代主力资金净流入,查询数据
隆基绿能股东增长率,查询数据
隆基绿能涨幅,查询数据
立讯精密股东增长率,查询数据
东方财富股东增长率,查询数据
中芯国际主力资金净流入,查询数据
海康威视涨幅,查询数据
中芯国际成交量,查询数据
贵州茅台成交量,查询数据
贵州茅台涨幅,查询数据
东方财富主力资金净流入,查询数据
立讯精密主力资金净流入,查询数据
立讯精密主力资金净流入,查询数据
中芯国际涨幅,查询数据
五粮液市净率,查询数据
五粮液股东增长率,查询数据
五粮液市盈率,查询数据
海康威视成交量,查询数据
比亚迪市净率,查询数据
五粮液市盈率,查询数据
贵州茅台市盈率,查询数据
东方财富市净率,查询数据
贵州茅台市净率,查询数据
立讯精密股东增长率,查询数据
海康威视市盈率,查询数据
东方财富涨幅,查询数据
海康威视涨幅,查询数据
五粮液市盈率,查询数据
海康威视市净率,查询数据
宁德时代主力资金净流入,查询数据
海康威视市盈率,查询数据
海康威视市盈率,查询数据
立讯精密股东增长率,查询数据
宁德时代涨幅,查询数据
比亚迪成交量,查询数据
东方财富涨幅,查询数据
东方财富市净率,查询数据
比亚迪主力资金净流入,查询数据
隆基绿能主力资金净流入,查询数据
东方财富主力资金净流入,查询数据
比亚迪涨幅,查询数据
贵州茅台市净率,查询数据
海康威视市盈率,查询数据
立讯精密主力资金净流入,查询数据
五粮液股东增长率,查询数据
宁德时代成交量,查询数据
五粮液成交量,查询数据
立讯精密股东增长率,查询数据
贵州茅台成交量,查询数据
五粮液股东增长率,查询数据
贵州茅台股东增长率,查询数据
五粮液涨幅,查询数据
五粮液主力资金净流入,查询数据
隆基绿能市盈率,查询数据
海康威视成交量,查询数据
立讯精密市盈率,查询数据
东方财富涨幅,查询数据
东方财富主力资金净流入,查询数据
立讯精密成交量,查询数据
五粮液股东增长率,查询数据
五粮液市净率,查询数据
海康威视涨幅,查询数据
比亚迪主力资金净流入,查询数据
中芯国际市净率,查询数据
宁德时代股东增长率,查询数据
立讯精密成交量,查询数据
东方财富主力资金净流入,查询数据
五粮液市净率,查询数据
五粮液涨幅,查询数据
海康威视市盈率,查询数据
五粮液市盈率,查询数据
东方财富成交量,查询数据
比亚迪主力资金净流入,查询数据
隆基绿能涨幅,查询数据
中芯国际市净率,查询数据
中芯国际市净率,查询数据
贵州茅台成交量,查询数据
立讯精密市净率,查询数据
宁德时代涨幅,查询数据
五粮液涨幅,查询数据
海康威视市盈率,查询数据
中芯国际涨幅,查询数据
中芯国际成交量,查询数据
五粮液成交量,查询数据
隆基绿能市净率,查询数据
东方财富市盈率,查询数据
东方财富涨幅,查询数据
宁德时代主力资金净流入,查询数据
宁德时代股东增长率,查询数据
贵州茅台主力资金净流入,查询数据
贵州茅台股东增长率,查询数据
立讯精密市净率,查询数据
宁德时代主力资金净流入,查询数据
五粮液市盈率,查询数据
立讯精密市盈率,查询数据
五粮液成交量,查询数据
中芯国际市盈率,查询数据
五粮液市盈率,查询数据
五粮液市净率,查询数据
五粮液成交量,查询数据
海康威视市盈率,查询数据
贵州茅台股东增长率,查询数据
海康威视涨幅,查询数据
中芯国际涨幅,查询数据
隆基绿能涨幅,查询数据
立讯精密股东增长率,查询数据
五粮液股东增长率,查询数据
比亚迪主力资金净流入,查询数据
宁德时代成交量,查询数据
海康威视主力资金净流入,查询数据
宁德时代成交量,查询数据
东方财富成交量,查询数据
隆基绿能涨幅,查询数据
五粮液涨幅,查询数据
东方财富成交量,查询数据
宁德时代股东增长率,查询数据
隆基绿能涨幅,查询数据
海康威视主力资金净流入,查询数据
立讯精密涨幅,查询数据
东方财富成交量,查询数据
五粮液市盈率,查询数据
中芯国际成交量,查询数据
东方财富股东增长率,查询数据
五粮液涨幅,查询数据
中芯国际市净率,查询数据
比亚迪涨幅,查询数据
比亚迪市盈率,查询数据
比亚迪涨幅,查询数据
比亚迪成交量,查询数据
东方财富主力资金净流入,查询数据
五粮液成交量,查询数据
东方财富成交量,查询数据
中芯国际涨幅,查询数据
东方财富市盈率,查询数据
中芯国际涨幅,查询数据
五粮液市盈率,查询数据
贵州茅台成交量,查询数据
中芯国际市盈率,查询数据
贵州茅台成交量,查询数据
宁德时代股东增长率,查询数据
中芯国际市盈率,查询数据
比亚迪市盈率,查询数据
隆基绿能主力资金净流入,查询数据
宁德时代涨幅,查询数据
中芯国际成交量,查询数据
五粮液主力资金净流入,查询数据
贵州茅台涨幅,查询数据
五粮液股东增长率,查询数据
立讯精密市盈率,查询数据
比亚迪股东增长率,查询数据
比亚迪主力资金净流入,查询数据
东方财富主力资金净流入,查询数据
隆基绿能股东增长率,查询数据
比亚迪成交量,查询数据
隆基绿能涨幅,查询数据
隆基绿能市盈率,查询数据
宁德时代股东增长率,查询数据
海康威视市盈率,查询数据
贵州茅台成交量,查询数据
贵州茅台股东增长率,查询数据
贵州茅台成交量,查询数据
隆基绿能成交量,查询数据
五粮液成交量,查询数据
比亚迪市盈率,查询数据
宁德时代成交量,查询数据
五粮液涨幅,查询数据
比亚迪成交量,查询数据
比亚迪主力资金净流入,查询数据
中芯国际涨幅,查询数据
海康威视涨幅,查询数据
贵州茅台市盈率,查询数据
宁德时代成交量,查询数据
贵州茅台涨幅,查询数据
比亚迪涨幅,查询数据
宁德时代市盈率,查询数据
海康威视成交量,查询数据
隆基绿能市净率,查询数据
五粮液成交量,查询数据
五粮液涨幅,查询数据
贵州茅台股东增长率,查询数据
立讯精密成交量,查询数据
立讯精密涨幅,查询数据
宁德时代成交量,查询数据
五粮液主力资金净流入,查询数据
五粮液市净率,查询数据
中芯国际涨幅,查询数据
东方财富股东增长率,查询数据
海康威视涨幅,查询数据
比亚迪涨幅,查询数据
五粮液市净率,查询数据
海康威视市净率,查询数据
立讯精密市盈率,查询数据
宁德时代市净率,查询数据
宁德时代涨幅,查询数据
五粮液成交量,查询数据
宁德时代涨幅,查询数据
中芯国际市盈率,查询数据
宁德时代市盈率,查询数据
宁德时代股东增长率,查询数据
东方财富主力资金净流入,查询数据
中芯国际涨幅,查询数据
立讯精密主力资金净流入,查询数据
宁德时代涨幅,查询数据
隆基绿能股东增长率,查询数据
比亚迪涨幅,查询数据
隆基绿能市净率,查询数据
中芯国际涨幅,查询数据
宁德时代涨幅,查询数据
贵州茅台市净率,查询数据
海康威视市净率,查询数据
立讯精密市净率,查询数据
比亚迪市盈率,查询数据
立讯精密成交量,查询数据
比亚迪主力资金净流入,查询数据
中芯国际涨幅,查询数据
东方财富市净率,查询数据
隆基绿能主力资金净流入,查询数据
比亚迪主力资金净流入,查询数据
隆基绿能股东增长率,查询数据
五粮液主力资金净流入,查询数据
中芯国际市盈率,查询数据
比亚迪市盈率,查询数据
中芯国际市净率,查询数据
五粮液成交量,查询数据
比亚迪市净率,查询数据
中芯国际股东增长率,查询数据
立讯精密股东增长率,查询数据
海康威视股东增长率,查询数据
隆基绿能主力资金净流入,查询数据
海康威视成交量,查询数据
东方财富成交量,查询数据
隆基绿能成交量,查询数据
东方财富涨幅,查询数据
五粮液主力资金净流入,查询数据
比亚迪成交量,查询数据
中芯国际成交量,查询数据
隆基绿能主力资金净流入,查询数据
五粮液市盈率,查询数据
隆基绿能市盈率,查询数据
隆基绿能主力资金净流入,查询数据
海康威视涨幅,查询数据
隆基绿能主力资金净流入,查询数据
宁德时代市净率,查询数据
立讯精密市盈率,查询数据
比亚迪涨幅,查询数据
贵州茅台成交量,查询数据
海康威视主力资金净流入,查询数据
中芯国际市盈率,查询数据
贵州茅台涨幅,查询数据
宁德时代股东增长率,查询数据
宁德时代市净率,查询数据
隆基绿能股东增长率,查询数据
东方财富市净率,查询数据
立讯精密市盈率,查询数据
比亚迪市盈率,查询数据
贵州茅台市盈率,查询数据
贵州茅台市净率,查询数据
宁德时代股东增长率,查询数据
东方财富股东增长率,查询数据
隆基绿能市净率,查询数据
东方财富市盈率,查询数据
海康威视市净率,查询数据
立讯精密涨幅,查询数据
东方财富市盈率,查询数据
中芯国际主力资金净流入,查询数据
隆基绿能成交量,查询数据
东方财富成交量,查询数据
宁德时代主力资金净流入,查询数据
宁德时代主力资金净流入,查询数据
比亚迪市盈率,查询数据
比亚迪涨幅,查询数据
贵州茅台股东增长率,查询数据
宁德时代股东增长率,查询数据
东方财富市净率,查询数据
比亚迪成交量,查询数据
五粮液成交量,查询数据
贵州茅台股东增长率,查询数据
东方财富主力资金净流入,查询数据
隆基绿能股东增长率,查询数据
海康威视主力资金净流入,查询数据
五粮液市净率,查询数据
比亚迪市盈率,查询数据
隆基绿能涨幅,查询数据
海康威视股东增长率,查询数据
比亚迪成交量,查询数据
五粮液股东增长率,查询数据
贵州茅台成交量,查询数据
中芯国际涨幅,查询数据
五粮液成交量,查询数据
东方财富涨幅,查询数据
五粮液成交量,查询数据
宁德时代成交量,查询数据
东方财富成交量,查询数据
中芯国际成交量,查询数据
五粮液主力资金净流入,查询数据
比亚迪市盈率,查询数据
五粮液市盈率,查询数据
立讯精密主力资金净流入,查询数据
贵州茅台成交量,查询数据
宁德时代市净率,查询数据
宁德时代涨幅,查询数据
立讯精密主力资金净流入,查询数据
五粮液主力资金净流入,查询数据
东方财富主力资金净流入,查询数据
海康威视主力资金净流入,查询数据
立讯精密主力资金净流入,查询数据
中芯国际成交量,查询数据
海康威视市净率,查询数据
海康威视涨幅,查询数据
宁德时代成交量,查询数据
海康威视涨幅,查询数据
海康威视涨幅,查询数据
贵州茅台主力资金净流入,查询数据
中芯国际成交量,查询数据
比亚迪成交量,查询数据
海康威视涨幅,查询数据
贵州茅台主力资金净流入,查询数据
贵州茅台涨幅,查询数据
中芯国际涨幅,查询数据
贵州茅台主力资金净流入,查询数据
中芯国际市净率,查询数据
中芯国际股东增长率,查询数据
隆基绿能涨幅,查询数据
宁德时代涨幅,查询数据
五粮液成交量,查询数据
贵州茅台成交量,查询数据
立讯精密成交量,查询数据
东方财富涨幅,查询数据
东方财富市净率,查询数据
五粮液涨幅,查询数据
立讯精密市净率,查询数据
中芯国际涨幅,查询数据
中芯国际主力资金净流入,查询数据
宁德时代市净率,查询数据
海康威视涨幅,查询数据
立讯精密成交量,查询数据
中芯国际成交量,查询数据
立讯精密主力资金净流入,查询数据
宁德时代市盈率,查询数据
贵州茅台涨幅,查询数据
中芯国际主力资金净流入,查询数据
贵州茅台主力资金净流入,查询数据
隆基绿能主力资金净流入,查询数据
中芯国际市盈率,查询数据
隆基绿能市盈率,查询数据
隆基绿能涨幅,查询数据
贵州茅台股东增长率,查询数据
五粮液市盈率,查询数据
五粮液涨幅,查询数据
海康威视市盈率,查询数据
比亚迪市净率,查询数据
东方财富市盈率,查询数据
比亚迪主力资金净流入,查询数据
隆基绿能市净率,查询数据
隆基绿能股东增长率,查询数据
立讯精密涨幅,查询数据
隆基绿能市净率,查询数据
立讯精密主力资金净流入,查询数据
比亚迪市盈率,查询数据
隆基绿能成交量,查询数据
立讯精密市盈率,查询数据
贵州茅台市盈率,查询数据
东方财富主力资金净流入,查询数据
中芯国际成交量,查询数据
贵州茅台股东增长率,查询数据
立讯精密成交量,查询数据
东方财富市净率,查询数据
中芯国际市净率,查询数据
东方财富市盈率,查询数据
五粮液市盈率,查询数据
东方财富市盈率,查询数据
海康威视涨幅,查询数据
东方财富市盈率,查询数据
五粮液股东增长率,查询数据
比亚迪主力资金净流入,查询数据
中芯国际股东增长率,查询数据
中芯国际主力资金净流入,查询数据
中芯国际股东增长率,查询数据
海康威视成交量,查询数据
立讯精密股东增长率,查询数据
中芯国际市净率,查询数据
五粮液股东增长率,查询数据
立讯精密市盈率,查询数据
比亚迪涨幅,查询数据
中芯国际涨幅,查询数据
中芯国际市净率,查询数据
中芯国际涨幅,查询数据
五粮液市净率,查询数据
中芯国际市净率,查询数据
隆基绿能市净率,查询数据
比亚迪股东增长率,查询数据
东方财富市净率,查询数据
隆基绿能涨幅,查询数据
海康威视市盈率,查询数据
宁德时代成交量,查询数据
东方财富涨幅,查询数据
宁德时代主力资金净流入,查询数据
贵州茅台主力资金净流入,查询数据
隆基绿能主力资金净流入,查询数据
五粮液成交量,查询数据
立讯精密主力资金净流入,查询数据
中芯国际市净率,查询数据
隆基绿能涨幅,查询数据
海康威视成交量,查询数据
东方财富主力资金净流入,查询数据
比亚迪股东增长率,查询数据
东方财富股东增长率,查询数据
立讯精密市盈率,查询数据
东方财富主力资金净流入,查询数据
五粮液市净率,查询数据
比亚迪涨幅,查询数据
立讯精密市盈率,查询数据
五粮液股东增长率,查询数据
立讯精密股东增长率,查询数据
宁德时代市盈率,查询数据
立讯精密市净率,查询数据
中芯国际成交量,查询数据
立讯精密市净率,查询数据
中芯国际股东增长率,查询数据
比亚迪市盈率,查询数据
宁德时代涨幅,查询数据
贵州茅台市盈率,查询数据
比亚迪主力资金净流入,查询数据
贵州茅台市净率,查询数据
比亚迪成交量,查询数据
立讯精密市净率,查询数据
贵州茅台主力资金净流入,查询数据
比亚迪成交量,查询数据
海康威视主力资金净流入,查询数据
比亚迪主力资金净流入,查询数据
东方财富股东增长率,查询数据
立讯精密市净率,查询数据
立讯精密主力资金净流入,查询数据
隆基绿能成交量,查询数据
隆基绿能成交量,查询数据
隆基绿能涨幅,查询数据
立讯精密股东增长率,查询数据
海康威视涨幅,查询数据
海康威视股东增长率,查询数据
隆基绿能市净率,查询数据
中芯国际股东增长率,查询数据
宁德时代股东增长率,查询数据
比亚迪主力资金净流入,查询数据
贵州茅台主力资金净流入,查询数据
东方财富市盈率,查询数据
宁德时代成交量,查询数据
比亚迪成交量,查询数据
宁德时代主力资金净流入,查询数据
贵州茅台市净率,查询数据
中芯国际主力资金净流入,查询数据
立讯精密市净率,查询数据
海康威视涨幅,查询数据
宁德时代主力资金净流入,查询数据
隆基绿能股东增长率,查询数据
宁德时代涨幅,查询数据
隆基绿能成交量,查询数据
立讯精密市净率,查询数据
东方财富涨幅,查询数据
贵州茅台主力资金净流入,查询数据
东方财富市盈率,查询数据
隆基绿能成交量,查询数据
比亚迪市盈率,查询数据
五粮液市净率,查询数据
比亚迪市净率,查询数据
东方财富涨幅,查询数据
宁德时代涨幅,查询数据
比亚迪主力资金净流入,查询数据
五粮液市盈率,查询数据
贵州茅台股东增长率,查询数据
海康威视股东增长率,查询数据
东方财富市盈率,查询数据
立讯精密涨幅,查询数据
隆基绿能成交量,查询数据
贵州茅台市净率,查询数据
贵州茅台股东增长率,查询数据
海康威视股东增长率,查询数据
东方财富市净率,查询数据
五粮液主力资金净流入,查询数据
东方财富现在适合持有吗,综合诊股
宁德时代现在适合持有吗,综合诊股
宁德时代现在适合持有吗,综合诊股
海康威视现在适合持有吗,综合诊股
中芯国际现在适合持有吗,综合诊股
宁德时代现在适合持有吗,综合诊股
宁德时代现在适合持有吗,综合诊股
海康威视现在适合持有吗,综合诊股
贵州茅台现在适合持有吗,综合诊股
东方财富现在适合持有吗,综合诊股
比亚迪现在适合持有吗,综合诊股
宁德时代现在适合持有吗,综合诊股
隆基绿能现在适合持有吗,综合诊股
东方财富现在适合持有吗,综合诊股
隆基绿能现在适合持有吗,综合诊股
比亚迪现在适合持有吗,综合诊股
比亚迪现在适合持有吗,综合诊股
海康威视现在适合持有吗,综合诊股
宁德时代现在适合持有吗,综合诊股
比亚迪现在适合持有吗,综合诊股
立讯精密现在适合持有吗,综合诊股
五粮液现在适合持有吗,综合诊股
东方财富现在适合持有吗,综合诊股
中芯国际现在适合持有吗,综合诊股
比亚迪现在适合持有吗,综合诊股
海康威视现在适合持有吗,综合诊股
立讯精密现在适合持有吗,综合诊股
立讯精密现在适合持有吗,综合诊股
比亚迪现在适合持有吗,综合诊股
比亚迪现在适合持有吗,综合诊股
宁德时代现在适合持有吗,综合诊股
中芯国际现在适合持有吗,综合诊股
立讯精密现在适合持有吗,综合诊股
东方财富现在适合持有吗,综合诊股
东方财富现在适合持有吗,综合诊股
五粮液现在适合持有吗,综合诊股
宁德时代现在适合持有吗,综合诊股
海康威视现在适合持有吗,综合诊股
贵州茅台现在适合持有吗,综合诊股
贵州茅台现在适合持有吗,综合诊股
宁德时代现在适合持有吗,综合诊股
贵州茅台现在适合持有吗,综合诊股
东方财富现在适合持有吗,综合诊股
立讯精密现在适合持有吗,综合诊股
海康威视现在适合持有吗,综合诊股
比亚迪现在适合持有吗,综合诊股
隆基绿能现在适合持有吗,综合诊股
宁德时代现在适合持有吗,综合诊股
宁德时代现在适合持有吗,综合诊股
贵州茅台现在适合持有吗,综合诊股
立讯精密现在适合持有吗,综合诊股
五粮液现在适合持有吗,综合诊股
宁德时代现在适合持有吗,综合诊股
立讯精密现在适合持有吗,综合诊股
宁德时代现在适合持有吗,综合诊股
五粮液现在适合持有吗,综合诊股
比亚迪现在适合持有吗,综合诊股
隆基绿能现在适合持有吗,综合诊股
立讯精密现在适合持有吗,综合诊股
比亚迪现在适合持有吗,综合诊股
立讯精密现在适合持有吗,综合诊股
立讯精密现在适合持有吗,综合诊股
隆基绿能现在适合持有吗,综合诊股
中芯国际现在适合持有吗,综合诊股
宁德时代现在适合持有吗,综合诊股
海康威视现在适合持有吗,综合诊股
隆基绿能现在适合持有吗,综合诊股
五粮液现在适合持有吗,综合诊股
比亚迪现在适合持有吗,综合诊股
贵州茅台现在适合持有吗,综合诊股
宁德时代现在适合持有吗,综合诊股
贵州茅台现在适合持有吗,综合诊股
中芯国际现在适合持有吗,综合诊股
贵州茅台现在适合持有吗,综合诊股
比亚迪现在适合持有吗,综合诊股
立讯精密现在适合持有吗,综合诊股
贵州茅台现在适合持有吗,综合诊股
贵州茅台现在适合持有吗,综合诊股
海康威视现在适合持有吗,综合诊股
东方财富现在适合持有吗,综合诊股
五粮液现在适合持有吗,综合诊股
立讯精密现在适合持有吗,综合诊股
贵州茅台现在适合持有吗,综合诊股
五粮液现在适合持有吗,综合诊股
五粮液现在适合持有吗,综合诊股
五粮液现在适合持有吗,综合诊股
东方财富现在适合持有吗,综合诊股
比亚迪现在适合持有吗,综合诊股
东方财富现在适合持有吗,综合诊股
宁德时代现在适合持有吗,综合诊股
中芯国际现在适合持有吗,综合诊股
隆基绿能现在适合持有吗,综合诊股
五粮液现在适合持有吗,综合诊股
五粮液现在适合持有吗,综合诊股
隆基绿能现在适合持有吗,综合诊股
立讯精密现在适合持有吗,综合诊股
五粮液现在适合持有吗,综合诊股
宁德时代现在适合持有吗,综合诊股
五粮液现在适合持有吗,综合诊股
贵州茅台现在适合持有吗,综合诊股
海康威视现在适合持有吗,综合诊股
宁德时代现在适合持有吗,综合诊股
比亚迪现在适合持有吗,综合诊股
宁德时代现在适合持有吗,综合诊股
海康威视现在适合持有吗,综合诊股
比亚迪现在适合持有吗,综合诊股
贵州茅台现在适合持有吗,综合诊股
比亚迪现在适合持有吗,综合诊股
中芯国际现在适合持有吗,综合诊股
中芯国际现在适合持有吗,综合诊股
隆基绿能现在适合持有吗,综合诊股
中芯国际现在适合持有吗,综合诊股
隆基绿能现在适合持有吗,综合诊股
五粮液现在适合持有吗,综合诊股
海康威视现在适合持有吗,综合诊股
东方财富现在适合持有吗,综合诊股
中芯国际现在适合持有吗,综合诊股
中芯国际现在适合持有吗,综合诊股
立讯精密现在适合持有吗,综合诊股
东方财富现在适合持有吗,综合诊股
海康威视现在适合持有吗,综合诊股
比亚迪现在适合持有吗,综合诊股
立讯精密现在适合持有吗,综合诊股
东方财富现在适合持有吗,综合诊股
宁德时代现在适合持有吗,综合诊股
东方财富现在适合持有吗,综合诊股
东方财富现在适合持有吗,综合诊股
东方财富现在适合持有吗,综合诊股
中芯国际现在适合持有吗,综合诊股
贵州茅台现在适合持有吗,综合诊股
东方财富现在适合持有吗,综合诊股
比亚迪现在适合持有吗,综合诊股
五粮液现在适合持有吗,综合诊股
比亚迪现在适合持有吗,综合诊股
五粮液现在适合持有吗,综合诊股
中芯国际现在适合持有吗,综合诊股
宁德时代现在适合持有吗,综合诊股
贵州茅台现在适合持有吗,综合诊股
五粮液现在适合持有吗,综合诊股
东方财富现在适合持有吗,综合诊股
东方财富现在适合持有吗,综合诊股
立讯精密现在适合持有吗,综合诊股
比亚迪现在适合持有吗,综合诊股
宁德时代现在适合持有吗,综合诊股
贵州茅台现在适合持有吗,综合诊股
立讯精密现在适合持有吗,综合诊股
比亚迪现在适合持有吗,综合诊股
宁德时代现在适合持有吗,综合诊股
隆基绿能现在适合持有吗,综合诊股
宁德时代现在适合持有吗,综合诊股
五粮液现在适合持有吗,综合诊股
比亚迪现在适合持有吗,综合诊股
立讯精密现在适合持有吗,综合诊股
东方财富现在适合持有吗,综合诊股
东方财富现在适合持有吗,综合诊股
隆基绿能现在适合持有吗,综合诊股
五粮液现在适合持有吗,综合诊股
东方财富现在适合持有吗,综合诊股
比亚迪现在适合持有吗,综合诊股
五粮液现在适合持有吗,综合诊股
中芯国际现在适合持有吗,综合诊股
比亚迪现在适合持有吗,综合诊股
贵州茅台现在适合持有吗,综合诊股
宁德时代现在适合持有吗,综合诊股
东方财富现在适合持有吗,综合诊股
隆基绿能现在适合持有吗,综合诊股
贵州茅台现在适合持有吗,综合诊股
比亚迪现在适合持有吗,综合诊股
东方财富现在适合持有吗,综合诊股
东方财富现在适合持有吗,综合诊股
隆基绿能现在适合持有吗,综合诊股
比亚迪现在适合持有吗,综合诊股
隆基绿能现在适合持有吗,综合诊股
海康威视现在适合持有吗,综合诊股
海康威视现在适合持有吗,综合诊股
海康威视现在适合持有吗,综合诊股
中芯国际现在适合持有吗,综合诊股
贵州茅台现在适合持有吗,综合诊股
五粮液现在适合持有吗,综合诊股
中芯国际现在适合持有吗,综合诊股
立讯精密现在适合持有吗,综合诊股
隆基绿能现在适合持有吗,综合诊股
中芯国际现在适合持有吗,综合诊股
立讯精密现在适合持有吗,综合诊股
中芯国际现在适合持有吗,综合诊股
东方财富现在适合持有吗,综合诊股
中芯国际现在适合持有吗,综合诊股
宁德时代现在适合持有吗,综合诊股
海康威视现在适合持有吗,综合诊股
宁德时代现在适合持有吗,综合诊股
海康威视现在适合持有吗,综合诊股
贵州茅台现在适合持有吗,综合诊股
五粮液现在适合持有吗,综合诊股
比亚迪现在适合持有吗,综合诊股
隆基绿能现在适合持有吗,综合诊股
比亚迪现在适合持有吗,综合诊股
中芯国际现在适合持有吗,综合诊股
贵州茅台现在适合持有吗,综合诊股
贵州茅台现在适合持有吗,综合诊股
东方财富现在适合持有吗,综合诊股
五粮液现在适合持有吗,综合诊股
东方财富现在适合持有吗,综合诊股
立讯精密现在适合持有吗,综合诊股
海康威视现在适合持有吗,综合诊股
隆基绿能现在适合持有吗,综合诊股
立讯精密现在适合持有吗,综合诊股
宁德时代现在适合持有吗,综合诊股
贵州茅台现在适合持有吗,综合诊股
立讯精密现在适合持有吗,综合诊股
宁德时代现在适合持有吗,综合诊股
比亚迪现在适合持有吗,综合诊股
比亚迪现在适合持有吗,综合诊股
比亚迪现在适合持有吗,综合诊股
海康威视现在适合持有吗,综合诊股
比亚迪现在适合持有吗,综合诊股
贵州茅台现在适合持有吗,综合诊股
隆基绿能现在适合持有吗,综合诊股
五粮液现在适合持有吗,综合诊股
比亚迪现在适合持有吗,综合诊股
海康威视现在适合持有吗,综合诊股
五粮液现在适合持有吗,综合诊股
中芯国际现在适合持有吗,综合诊股
比亚迪现在适合持有吗,综合诊股
海康威视现在适合持有吗,综合诊股
立讯精密现在适合持有吗,综合诊股
中芯国际现在适合持有吗,综合诊股
五粮液现在适合持有吗,综合诊股
中芯国际现在适合持有吗,综合诊股
贵州茅台现在适合持有吗,综合诊股
中芯国际现在适合持有吗,综合诊股
中芯国际现在适合持有吗,综合诊股
五粮液现在适合持有吗,综合诊股
东方财富现在适合持有吗,综合诊股
立讯精密现在适合持有吗,综合诊股
中芯国际现在适合持有吗,综合诊股
隆基绿能现在适合持有吗,综合诊股
东方财富现在适合持有吗,综合诊股
中芯国际现在适合持有吗,综合诊股
东方财富现在适合持有吗,综合诊股
比亚迪现在适合持有吗,综合诊股
比亚迪现在适合持有吗,综合诊股
立讯精密现在适合持有吗,综合诊股
海康威视现在适合持有吗,综合诊股
中芯国际现在适合持有吗,综合诊股
宁德时代现在适合持有吗,综合诊股
宁德时代现在适合持有吗,综合诊股
东方财富现在适合持有吗,综合诊股
贵州茅台现在适合持有吗,综合诊股
贵州茅台现在适合持有吗,综合诊股
五粮液现在适合持有吗,综合诊股
五粮液现在适合持有吗,综合诊股
宁德时代现在适合持有吗,综合诊股
海康威视现在适合持有吗,综合诊股
五粮液现在适合持有吗,综合诊股
宁德时代现在适合持有吗,综合诊股
东方财富现在适合持有吗,综合诊股
海康威视现在适合持有吗,综合诊股
比亚迪现在适合持有吗,综合诊股
东方财富现在适合持有吗,综合诊股
贵州茅台现在适合持有吗,综合诊股
五粮液现在适合持有吗,综合诊股
宁德时代现在适合持有吗,综合诊股
东方财富现在适合持有吗,综合诊股
立讯精密现在适合持有吗,综合诊股
中芯国际现在适合持有吗,综合诊股
立讯精密现在适合持有吗,综合诊股
比亚迪现在适合持有吗,综合诊股
东方财富现在适合持有吗,综合诊股
宁德时代现在适合持有吗,综合诊股
宁德时代现在适合持有吗,综合诊股
中芯国际现在适合持有吗,综合诊股
海康威视现在适合持有吗,综合诊股
宁德时代现在适合持有吗,综合诊股
贵州茅台现在适合持有吗,综合诊股
东方财富现在适合持有吗,综合诊股
隆基绿能现在适合持有吗,综合诊股
立讯精密现在适合持有吗,综合诊股
五粮液现在适合持有吗,综合诊股
东方财富现在适合持有吗,综合诊股
立讯精密现在适合持有吗,综合诊股
立讯精密现在适合持有吗,综合诊股
五粮液现在适合持有吗,综合诊股
宁德时代现在适合持有吗,综合诊股
宁德时代现在适合持有吗,综合诊股
比亚迪现在适合持有吗,综合诊股
比亚迪现在适合持有吗,综合诊股
五粮液现在适合持有吗,综合诊股
中芯国际现在适合持有吗,综合诊股
贵州茅台现在适合持有吗,综合诊股
宁德时代现在适合持有吗,综合诊股
中芯国际现在适合持有吗,综合诊股
五粮液现在适合持有吗,综合诊股
中芯国际现在适合持有吗,综合诊股
宁德时代现在适合持有吗,综合诊股
立讯精密现在适合持有吗,综合诊股
海康威视现在适合持有吗,综合诊股
贵州茅台现在适合持有吗,综合诊股
东方财富现在适合持有吗,综合诊股
贵州茅台现在适合持有吗,综合诊股
五粮液现在适合持有吗,综合诊股
隆基绿能现在适合持有吗,综合诊股
宁德时代现在适合持有吗,综合诊股
比亚迪现在适合持有吗,综合诊股
贵州茅台现在适合持有吗,综合诊股
隆基绿能现在适合持有吗,综合诊股
五粮液现在适合持有吗,综合诊股
贵州茅台现在适合持有吗,综合诊股
东方财富现在适合持有吗,综合诊股
比亚迪现在适合持有吗,综合诊股
中芯国际现在适合持有吗,综合诊股
五粮液现在适合持有吗,综合诊股
中芯国际现在适合持有吗,综合诊股
比亚迪现在适合持有吗,综合诊股
海康威视现在适合持有吗,综合诊股
五粮液现在适合持有吗,综合诊股
东方财富现在适合持有吗,综合诊股
贵州茅台现在适合持有吗,综合诊股
立讯精密现在适合持有吗,综合诊股
五粮液现在适合持有吗,综合诊股
五粮液现在适合持有吗,综合诊股
隆基绿能现在适合持有吗,综合诊股
比亚迪现在适合持有吗,综合诊股
立讯精密现在适合持有吗,综合诊股
宁德时代现在适合持有吗,综合诊股
五粮液现在适合持有吗,综合诊股
中芯国际现在适合持有吗,综合诊股
东方财富现在适合持有吗,综合诊股
比亚迪现在适合持有吗,综合诊股
比亚迪现在适合持有吗,综合诊股
中芯国际现在适合持有吗,综合诊股
中芯国际现在适合持有吗,综合诊股
海康威视现在适合持有吗,综合诊股
隆基绿能现在适合持有吗,综合诊股
立讯精密现在适合持有吗,综合诊股
贵州茅台现在适合持有吗,综合诊股
五粮液现在适合持有吗,综合诊股
五粮液现在适合持有吗,综合诊股
海康威视现在适合持有吗,综合诊股
贵州茅台现在适合持有吗,综合诊股
海康威视现在适合持有吗,综合诊股
中芯国际现在适合持有吗,综合诊股
宁德时代现在适合持有吗,综合诊股
东方财富现在适合持有吗,综合诊股
贵州茅台现在适合持有吗,综合诊股
东方财富现在适合持有吗,综合诊股
宁德时代现在适合持有吗,综合诊股
海康威视现在适合持有吗,综合诊股
立讯精密现在适合持有吗,综合诊股
宁德时代现在适合持有吗,综合诊股
贵州茅台现在适合持有吗,综合诊股
立讯精密现在适合持有吗,综合诊股
五粮液现在适合持有吗,综合诊股
比亚迪现在适合持有吗,综合诊股
宁德时代现在适合持有吗,综合诊股
贵州茅台现在适合持有吗,综合诊股
立讯精密现在适合持有吗,综合诊股
东方财富现在适合持有吗,综合诊股
中芯国际现在适合持有吗,综合诊股
东方财富现在适合持有吗,综合诊股
立讯精密现在适合持有吗,综合诊股
宁德时代现在适合持有吗,综合诊股
立讯精密现在适合持有吗,综合诊股
比亚迪现在适合持有吗,综合诊股
五粮液现在适合持有吗,综合诊股
中芯国际现在适合持有吗,综合诊股
宁德时代现在适合持有吗,综合诊股
贵州茅台现在适合持有吗,综合诊股
东方财富现在适合持有吗,综合诊股
中芯国际现在适合持有吗,综合诊股
中芯国际现在适合持有吗,综合诊股
贵州茅台现在适合持有吗,综合诊股
宁德时代现在适合持有吗,综合诊股
宁德时代现在适合持有吗,综合诊股
比亚迪现在适合持有吗,综合诊股
宁德时代现在适合持有吗,综合诊股
贵州茅台现在适合持有吗,综合诊股
东方财富现在适合持有吗,综合诊股
立讯精密现在适合持有吗,综合诊股
隆基绿能现在适合持有吗,综合诊股
五粮液现在适合持有吗,综合诊股
隆基绿能现在适合持有吗,综合诊股
五粮液现在适合持有吗,综合诊股
东方财富现在适合持有吗,综合诊股
隆基绿能现在适合持有吗,综合诊股
立讯精密现在适合持有吗,综合诊股
立讯精密现在适合持有吗,综合诊股
立讯精密现在适合持有吗,综合诊股
海康威视现在适合持有吗,综合诊股
立讯精密现在适合持有吗,综合诊股
立讯精密现在适合持有吗,综合诊股
东方财富现在适合持有吗,综合诊股
宁德时代现在适合持有吗,综合诊股
宁德时代现在适合持有吗,综合诊股
比亚迪现在适合持有吗,综合诊股
立讯精密现在适合持有吗,综合诊股
宁德时代现在适合持有吗,综合诊股
五粮液现在适合持有吗,综合诊股
比亚迪现在适合持有吗,综合诊股
海康威视现在适合持有吗,综合诊股
东方财富现在适合持有吗,综合诊股
贵州茅台现在适合持有吗,综合诊股
海康威视现在适合持有吗,综合诊股
贵州茅台现在适合持有吗,综合诊股
比亚迪现在适合持有吗,综合诊股
海康威视现在适合持有吗,综合诊股
贵州茅台现在适合持有吗,综合诊股
宁德时代现在适合持有吗,综合诊股
五粮液现在适合持有吗,综合诊股
宁德时代现在适合持有吗,综合诊股
东方财富现在适合持有吗,综合诊股
比亚迪现在适合持有吗,综合诊股
中芯国际现在适合持有吗,综合诊股
比亚迪现在适合持有吗,综合诊股
中芯国际现在适合持有吗,综合诊股
五粮液现在适合持有吗,综合诊股
宁德时代现在适合持有吗,综合诊股
贵州茅台现在适合持有吗,综合诊股
五粮液现在适合持有吗,综合诊股
宁德时代现在适合持有吗,综合诊股
宁德时代现在适合持有吗,综合诊股
比亚迪现在适合持有吗,综合诊股
立讯精密现在适合持有吗,综合诊股
立讯精密现在适合持有吗,综合诊股
宁德时代现在适合持有吗,综合诊股
五粮液现在适合持有吗,综合诊股
中芯国际现在适合持有吗,综合诊股
贵州茅台现在适合持有吗,综合诊股
海康威视现在适合持有吗,综合诊股
贵州茅台现在适合持有吗,综合诊股
五粮液现在适合持有吗,综合诊股
立讯精密现在适合持有吗,综合诊股
立讯精密现在适合持有吗,综合诊股
隆基绿能现在适合持有吗,综合诊股
隆基绿能现在适合持有吗,综合诊股
中芯国际现在适合持有吗,综合诊股
立讯精密现在适合持有吗,综合诊股
五粮液现在适合持有吗,综合诊股
海康威视现在适合持有吗,综合诊股
五粮液现在适合持有吗,综合诊股
隆基绿能现在适合持有吗,综合诊股
立讯精密现在适合持有吗,综合诊股
五粮液现在适合持有吗,综合诊股
比亚迪现在适合持有吗,综合诊股
立讯精密现在适合持有吗,综合诊股
五粮液现在适合持有吗,综合诊股
贵州茅台现在适合持有吗,综合诊股
贵州茅台现在适合持有吗,综合诊股
中芯国际现在适合持有吗,综合诊股
贵州茅台现在适合持有吗,综合诊股
东方财富现在适合持有吗,综合诊股
比亚迪现在适合持有吗,综合诊股
比亚迪现在适合持有吗,综合诊股
隆基绿能现在适合持有吗,综合诊股
东方财富现在适合持有吗,综合诊股
比亚迪现在适合持有吗,综合诊股
海康威视现在适合持有吗,综合诊股
宁德时代现在适合持有吗,综合诊股
贵州茅台现在适合持有吗,综合诊股
贵州茅台现在适合持有吗,综合诊股
海康威视现在适合持有吗,综合诊股
立讯精密现在适合持有吗,综合诊股
五粮液现在适合持有吗,综合诊股
立讯精密现在适合持有吗,综合诊股
宁德时代现在适合持有吗,综合诊股
中芯国际现在适合持有吗,综合诊股
隆基绿能现在适合持有吗,综合诊股
宁德时代现在适合持有吗,综合诊股
贵州茅台现在适合持有吗,综合诊股
宁德时代现在适合持有吗,综合诊股
海康威视现在适合持有吗,综合诊股
贵州茅台现在适合持有吗,综合诊股
宁德时代现在适合持有吗,综合诊股
东方财富现在适合持有吗,综合诊股
五粮液现在适合持有吗,综合诊股
比亚迪现在适合持有吗,综合诊股
中芯国际现在适合持有吗,综合诊股
海康威视现在适合持有吗,综合诊股
东方财富现在适合持有吗,综合诊股
贵州茅台现在适合持有吗,综合诊股
立讯精密现在适合持有吗,综合诊股
比亚迪现在适合持有吗,综合诊股
五粮液现在适合持有吗,综合诊股
隆基绿能现在适合持有吗,综合诊股
中芯国际现在适合持有吗,综合诊股
中芯国际现在适合持有吗,综合诊股
宁德时代现在适合持有吗,综合诊股
五粮液现在适合持有吗,综合诊股
宁德时代现在适合持有吗,综合诊股
中芯国际现在适合持有吗,综合诊股
贵州茅台现在适合持有吗,综合诊股
中芯国际现在适合持有吗,综合诊股
隆基绿能现在适合持有吗,综合诊股
贵州茅台现在适合持有吗,综合诊股
比亚迪现在适合持有吗,综合诊股
隆基绿能现在适合持有吗,综合诊股
比亚迪现在适合持有吗,综合诊股
东方财富现在适合持有吗,综合诊股
五粮液现在适合持有吗,综合诊股
宁德时代现在适合持有吗,综合诊股
海康威视现在适合持有吗,综合诊股
易方达蓝筹精选现在能买吗,综合诊基
南方中证500ETF现在能买吗,综合诊基
华夏上证50ETF现在能买吗,综合诊基
华夏上证50ETF现在能买吗,综合诊基
易方达蓝筹精选现在能买吗,综合诊基
易方达蓝筹精选现在能买吗,综合诊基
南方中证500ETF现在能买吗,综合诊基
华夏上证50ETF现在能买吗,综合诊基
南方中证500ETF现在能买吗,综合诊基
华夏上证50ETF现在能买吗,综合诊基
华夏上证50ETF现在能买吗,综合诊基
南方中证500ETF现在能买吗,综合诊基
华夏上证50ETF现在能买吗,综合诊基
南方中证500ETF现在能买吗,综合诊基
华夏上证50ETF现在能买吗,综合诊基
华夏上证50ETF现在能买吗,综合诊基
华夏上证50ETF现在能买吗,综合诊基
华夏上证50ETF现在能买吗,综合诊基
南方中证500ETF现在能买吗,综合诊基
招商中证白酒基金现在能买吗,综合诊基
招商中证白酒基金现在能买吗,综合诊基
华夏上证50ETF现在能买吗,综合诊基
南方中证500ETF现在能买吗,综合诊基
华夏上证50ETF现在能买吗,综合诊基
华夏上证50ETF现在能买吗,综合诊基
易方达蓝筹精选现在能买吗,综合诊基
易方达蓝筹精选现在能买吗,综合诊基
招商中证白酒基金现在能买吗,综合诊基
易方达蓝筹精选现在能买吗,综合诊基
招商中证白酒基金现在能买吗,综合诊基
华夏上证50ETF现在能买吗,综合诊基
南方中证500ETF现在能买吗,综合诊基
华夏上证50ETF现在能买吗,综合诊基
华夏上证50ETF现在能买吗,综合诊基
易方达蓝筹精选现在能买吗,综合诊基
招商中证白酒基金现在能买吗,综合诊基
南方中证500ETF现在能买吗,综合诊基
华夏上证50ETF现在能买吗,综合诊基
南方中证500ETF现在能买吗,综合诊基
南方中证500ETF现在能买吗,综合诊基
南方中证500ETF现在能买吗,综合诊基
华夏上证50ETF现在能买吗,综合诊基
华夏上证50ETF现在能买吗,综合诊基
南方中证500ETF现在能买吗,综合诊基
易方达蓝筹精选现在能买吗,综合诊基
易方达蓝筹精选现在能买吗,综合诊基
华夏上证50ETF现在能买吗,综合诊基
易方达蓝筹精选现在能买吗,综合诊基
华夏上证50ETF现在能买吗,综合诊基
招商中证白酒基金现在能买吗,综合诊基
招商中证白酒基金现在能买吗,综合诊基
南方中证500ETF现在能买吗,综合诊基
易方达蓝筹精选现在能买吗,综合诊基
华夏上证50ETF现在能买吗,综合诊基
华夏上证50ETF现在能买吗,综合诊基
易方达蓝筹精选现在能买吗,综合诊基
易方达蓝筹精选现在能买吗,综合诊基
招商中证白酒基金现在能买吗,综合诊基
华夏上证50ETF现在能买吗,综合诊基
易方达蓝筹精选现在能买吗,综合诊基
华夏上证50ETF现在能买吗,综合诊基
易方达蓝筹精选现在能买吗,综合诊基
易方达蓝筹精选现在能买吗,综合诊基
易方达蓝筹精选现在能买吗,综合诊基
华夏上证50ETF现在能买吗,综合诊基
易方达蓝筹精选现在能买吗,综合诊基
招商中证白酒基金现在能买吗,综合诊基
华夏上证50ETF现在能买吗,综合诊基
华夏上证50ETF现在能买吗,综合诊基
招商中证白酒基金现在能买吗,综合诊基
华夏上证50ETF现在能买吗,综合诊基
招商中证白酒基金现在能买吗,综合诊基
招商中证白酒基金现在能买吗,综合诊基
易方达蓝筹精选现在能买吗,综合诊基
华夏上证50ETF现在能买吗,综合诊基
华夏上证50ETF现在能买吗,综合诊基
招商中证白酒基金现在能买吗,综合诊基
招商中证白酒基金现在能买吗,综合诊基
招商中证白酒基金现在能买吗,综合诊基
易方达蓝筹精选现在能买吗,综合诊基
易方达蓝筹精选现在能买吗,综合诊基
易方达蓝筹精选现在能买吗,综合诊基
招商中证白酒基金现在能买吗,综合诊基
华夏上证50ETF现在能买吗,综合诊基
华夏上证50ETF现在能买吗,综合诊基
华夏上证50ETF现在能买吗,综合诊基
易方达蓝筹精选现在能买吗,综合诊基
易方达蓝筹精选现在能买吗,综合诊基
招商中证白酒基金现在能买吗,综合诊基
华夏上证50ETF现在能买吗,综合诊基
华夏上证50ETF现在能买吗,综合诊基
易方达蓝筹精选现在能买吗,综合诊基
华夏上证50ETF现在能买吗,综合诊基
华夏上证50ETF现在能买吗,综合诊基
南方中证500ETF现在能买吗,综合诊基
招商中证白酒基金现在能买吗,综合诊基
华夏上证50ETF现在能买吗,综合诊基
华夏上证50ETF现在能买吗,综合诊基
易方达蓝筹精选现在能买吗,综合诊基
易方达蓝筹精选现在能买吗,综合诊基
招商中证白酒基金现在能买吗,综合诊基
招商中证白酒基金现在能买吗,综合诊基
易方达蓝筹精选现在能买吗,综合诊基
招商中证白酒基金现在能买吗,综合诊基
华夏上证50ETF现在能买吗,综合诊基
南方中证500ETF现在能买吗,综合诊基
易方达蓝筹精选现在能买吗,综合诊基
南方中证500ETF现在能买吗,综合诊基
招商中证白酒基金现在能买吗,综合诊基
华夏上证50ETF现在能买吗,综合诊基
南方中证500ETF现在能买吗,综合诊基
易方达蓝筹精选现在能买吗,综合诊基
华夏上证50ETF现在能买吗,综合诊基
招商中证白酒基金现在能买吗,综合诊基
招商中证白酒基金现在能买吗,综合诊基
南方中证500ETF现在能买吗,综合诊基
易方达蓝筹精选现在能买吗,综合诊基
华夏上证50ETF现在能买吗,综合诊基
南方中证500ETF现在能买吗,综合诊基
南方中证500ETF现在能买吗,综合诊基
南方中证500ETF现在能买吗,综合诊基
南方中证500ETF现在能买吗,综合诊基
招商中证白酒基金现在能买吗,综合诊基
易方达蓝筹精选现在能买吗,综合诊基
易方达蓝筹精选现在能买吗,综合诊基
南方中证500ETF现在能买吗,综合诊基
易方达蓝筹精选现在能买吗,综合诊基
南方中证500ETF现在能买吗,综合诊基
华夏上证50ETF现在能买吗,综合诊基
易方达蓝筹精选现在能买吗,综合诊基
易方达蓝筹精选现在能买吗,综合诊基
易方达蓝筹精选现在能买吗,综合诊基
易方达蓝筹精选现在能买吗,综合诊基
招商中证白酒基金现在能买吗,综合诊基
招商中证白酒基金现在能买吗,综合诊基
招商中证白酒基金现在能买吗,综合诊基
易方达蓝筹精选现在能买吗,综合诊基
招商中证白酒基金现在能买吗,综合诊基
易方达蓝筹精选现在能买吗,综合诊基
南方中证500ETF现在能买吗,综合诊基
华夏上证50ETF现在能买吗,综合诊基
易方达蓝筹精选现在能买吗,综合诊基
华夏上证50ETF现在能买吗,综合诊基
华夏上证50ETF现在能买吗,综合诊基
易方达蓝筹精选现在能买吗,综合诊基
华夏上证50ETF现在能买吗,综合诊基
南方中证500ETF现在能买吗,综合诊基
招商中证白酒基金现在能买吗,综合诊基
南方中证500ETF现在能买吗,综合诊基
南方中证500ETF现在能买吗,综合诊基
南方中证500ETF现在能买吗,综合诊基
易方达蓝筹精选现在能买吗,综合诊基
华夏上证50ETF现在能买吗,综合诊基
易方达蓝筹精选现在能买吗,综合诊基
南方中证500ETF现在能买吗,综合诊基
南方中证500ETF现在能买吗,综合诊基
华夏上证50ETF现在能买吗,综合诊基
招商中证白酒基金现在能买吗,综合诊基
华夏上证50ETF现在能买吗,综合诊基
易方达蓝筹精选现在能买吗,综合诊基
华夏上证50ETF现在能买吗,综合诊基
华夏上证50ETF现在能买吗,综合诊基
南方中证500ETF现在能买吗,综合诊基
南方中证500ETF现在能买吗,综合诊基
招商中证白酒基金现在能买吗,综合诊基
易方达蓝筹精选现在能买吗,综合诊基
易方达蓝筹精选现在能买吗,综合诊基
招商中证白酒基金现在能买吗,综合诊基
易方达蓝筹精选现在能买吗,综合诊基
南方中证500ETF现在能买吗,综合诊基
易方达蓝筹精选现在能买吗,综合诊基
华夏上证50ETF现在能买吗,综合诊基
招商中证白酒基金现在能买吗,综合诊基
华夏上证50ETF现在能买吗,综合诊基
南方中证500ETF现在能买吗,综合诊基
南方中证500ETF现在能买吗,综合诊基
华夏上证50ETF现在能买吗,综合诊基
华夏上证50ETF现在能买吗,综合诊基
南方中证500ETF现在能买吗,综合诊基
招商中证白酒基金现在能买吗,综合诊基
招商中证白酒基金现在能买吗,综合诊基
易方达蓝筹精选现在能买吗,综合诊基
招商中证白酒基金现在能买吗,综合诊基
南方中证500ETF现在能买吗,综合诊基
南方中证500ETF现在能买吗,综合诊基
南方中证500ETF现在能买吗,综合诊基
华夏上证50ETF现在能买吗,综合诊基
华夏上证50ETF现在能买吗,综合诊基
招商中证白酒基金现在能买吗,综合诊基
南方中证500ETF现在能买吗,综合诊基
华夏上证50ETF现在能买吗,综合诊基
华夏上证50ETF现在能买吗,综合诊基
南方中证500ETF现在能买吗,综合诊基
招商中证白酒基金现在能买吗,综合诊基
招商中证白酒基金现在能买吗,综合诊基
华夏上证50ETF现在能买吗,综合诊基
南方中证500ETF现在能买吗,综合诊基
华夏上证50ETF现在能买吗,综合诊基
华夏上证50ETF现在能买吗,综合诊基
华夏上证50ETF现在能买吗,综合诊基
华夏上证50ETF现在能买吗,综合诊基
招商中证白酒基金现在能买吗,综合诊基
华夏上证50ETF现在能买吗,综合诊基
华夏上证50ETF现在能买吗,综合诊基
华夏上证50ETF现在能买吗,综合诊基
易方达蓝筹精选现在能买吗,综合诊基
华夏上证50ETF现在能买吗,综合诊基
南方中证500ETF现在能买吗,综合诊基
南方中证500ETF现在能买吗,综合诊基
华夏上证50ETF现在能买吗,综合诊基
易方达蓝筹精选现在能买吗,综合诊基
招商中证白酒基金现在能买吗,综合诊基
易方达蓝筹精选现在能买吗,综合诊基
招商中证白酒基金现在能买吗,综合诊基
南方中证500ETF现在能买吗,综合诊基
招商中证白酒基金现在能买吗,综合诊基
南方中证500ETF现在能买吗,综合诊基
易方达蓝筹精选现在能买吗,综合诊基
南方中证500ETF现在能买吗,综合诊基
华夏上证50ETF现在能买吗,综合诊基
华夏上证50ETF现在能买吗,综合诊基
招商中证白酒基金现在能买吗,综合诊基
招商中证白酒基金现在能买吗,综合诊基
易方达蓝筹精选现在能买吗,综合诊基
华夏上证50ETF现在能买吗,综合诊基
招商中证白酒基金现在能买吗,综合诊基
招商中证白酒基金现在能买吗,综合诊基
招商中证白酒基金现在能买吗,综合诊基
招商中证白酒基金现在能买吗,综合诊基
招商中证白酒基金现在能买吗,综合诊基
南方中证500ETF现在能买吗,综合诊基
华夏上证50ETF现在能买吗,综合诊基
南方中证500ETF现在能买吗,综合诊基
招商中证白酒基金现在能买吗,综合诊基
易方达蓝筹精选现在能买吗,综合诊基
华夏上证50ETF现在能买吗,综合诊基
易方达蓝筹精选现在能买吗,综合诊基
招商中证白酒基金现在能买吗,综合诊基
招商中证白酒基金现在能买吗,综合诊基
南方中证500ETF现在能买吗,综合诊基
招商中证白酒基金现在能买吗,综合诊基
易方达蓝筹精选现在能买吗,综合诊基
华夏上证50ETF现在能买吗,综合诊基
易方达蓝筹精选现在能买吗,综合诊基
招商中证白酒基金现在能买吗,综合诊基
招商中证白酒基金现在能买吗,综合诊基
华夏上证50ETF现在能买吗,综合诊基
易方达蓝筹精选现在能买吗,综合诊基
南方中证500ETF现在能买吗,综合诊基
华夏上证50ETF现在能买吗,综合诊基
易方达蓝筹精选现在能买吗,综合诊基
华夏上证50ETF现在能买吗,综合诊基
南方中证500ETF现在能买吗,综合诊基
华夏上证50ETF现在能买吗,综合诊基
招商中证白酒基金现在能买吗,综合诊基
南方中证500ETF现在能买吗,综合诊基
华夏上证50ETF现在能买吗,综合诊基
南方中证500ETF现在能买吗,综合诊基
南方中证500ETF现在能买吗,综合诊基
华夏上证50ETF现在能买吗,综合诊基
易方达蓝筹精选现在能买吗,综合诊基
南方中证500ETF现在能买吗,综合诊基
易方达蓝筹精选现在能买吗,综合诊基
易方达蓝筹精选现在能买吗,综合诊基
华夏上证50ETF现在能买吗,综合诊基
招商中证白酒基金现在能买吗,综合诊基
南方中证500ETF现在能买吗,综合诊基
易方达蓝筹精选现在能买吗,综合诊基
南方中证500ETF现在能买吗,综合诊基
易方达蓝筹精选现在能买吗,综合诊基
南方中证500ETF现在能买吗,综合诊基
华夏上证50ETF现在能买吗,综合诊基
易方达蓝筹精选现在能买吗,综合诊基
南方中证500ETF现在能买吗,综合诊基
南方中证500ETF现在能买吗,综合诊基
易方达蓝筹精选现在能买吗,综合诊基
招商中证白酒基金现在能买吗,综合诊基
华夏上证50ETF现在能买吗,综合诊基
招商中证白酒基金现在能买吗,综合诊基
华夏上证50ETF现在能买吗,综合诊基
南方中证500ETF现在能买吗,综合诊基
易方达蓝筹精选现在能买吗,综合诊基
易方达蓝筹精选现在能买吗,综合诊基
南方中证500ETF现在能买吗,综合诊基
招商中证白酒基金现在能买吗,综合诊基
华夏上证50ETF现在能买吗,综合诊基
招商中证白酒基金现在能买吗,综合诊基
南方中证500ETF现在能买吗,综合诊基
华夏上证50ETF现在能买吗,综合诊基
华夏上证50ETF现在能买吗,综合诊基
易方达蓝筹精选现在能买吗,综合诊基
易方达蓝筹精选现在能买吗,综合诊基
南方中证500ETF现在能买吗,综合诊基
招商中证白酒基金现在能买吗,综合诊基
华夏上证50ETF现在能买吗,综合诊基
南方中证500ETF现在能买吗,综合诊基
南方中证500ETF现在能买吗,综合诊基
南方中证500ETF现在能买吗,综合诊基
易方达蓝筹精选现在能买吗,综合诊基
易方达蓝筹精选现在能买吗,综合诊基
华夏上证50ETF现在能买吗,综合诊基
南方中证500ETF现在能买吗,综合诊基
华夏上证50ETF现在能买吗,综合诊基
招商中证白酒基金现在能买吗,综合诊基
华夏上证50ETF现在能买吗,综合诊基
南方中证500ETF现在能买吗,综合诊基
华夏上证50ETF现在能买吗,综合诊基
南方中证500ETF现在能买吗,综合诊基
招商中证白酒基金现在能买吗,综合诊基
南方中证500ETF现在能买吗,综合诊基
南方中证500ETF现在能买吗,综合诊基
华夏上证50ETF现在能买吗,综合诊基
南方中证500ETF现在能买吗,综合诊基
招商中证白酒基金现在能买吗,综合诊基
南方中证500ETF现在能买吗,综合诊基
华夏上证50ETF现在能买吗,综合诊基
招商中证白酒基金现在能买吗,综合诊基
南方中证500ETF现在能买吗,综合诊基
南方中证500ETF现在能买吗,综合诊基
招商中证白酒基金现在能买吗,综合诊基
招商中证白酒基金现在能买吗,综合诊基
华夏上证50ETF现在能买吗,综合诊基
易方达蓝筹精选现在能买吗,综合诊基
南方中证500ETF现在能买吗,综合诊基
南方中证500ETF现在能买吗,综合诊基
招商中证白酒基金现在能买吗,综合诊基
南方中证500ETF现在能买吗,综合诊基
华夏上证50ETF现在能买吗,综合诊基
南方中证500ETF现在能买吗,综合诊基
华夏上证50ETF现在能买吗,综合诊基
招商中证白酒基金现在能买吗,综合诊基
易方达蓝筹精选现在能买吗,综合诊基
华夏上证50ETF现在能买吗,综合诊基
易方达蓝筹精选现在能买吗,综合诊基
华夏上证50ETF现在能买吗,综合诊基
南方中证500ETF现在能买吗,综合诊基
南方中证500ETF现在能买吗,综合诊基
易方达蓝筹精选现在能买吗,综合诊基
易方达蓝筹精选现在能买吗,综合诊基
招商中证白酒基金现在能买吗,综合诊基
招商中证白酒基金现在能买吗,综合诊基
华夏上证50ETF现在能买吗,综合诊基
招商中证白酒基金现在能买吗,综合诊基
华夏上证50ETF现在能买吗,综合诊基
易方达蓝筹精选现在能买吗,综合诊基
华夏上证50ETF现在能买吗,综合诊基
招商中证白酒基金现在能买吗,综合诊基
招商中证白酒基金现在能买吗,综合诊基
招商中证白酒基金现在能买吗,综合诊基
南方中证500ETF现在能买吗,综合诊基
易方达蓝筹精选现在能买吗,综合诊基
南方中证500ETF现在能买吗,综合诊基
南方中证500ETF现在能买吗,综合诊基
易方达蓝筹精选现在能买吗,综合诊基
招商中证白酒基金现在能买吗,综合诊基
南方中证500ETF现在能买吗,综合诊基
华夏上证50ETF现在能买吗,综合诊基
易方达蓝筹精选现在能买吗,综合诊基
南方中证500ETF现在能买吗,综合诊基
华夏上证50ETF现在能买吗,综合诊基
华夏上证50ETF现在能买吗,综合诊基
华夏上证50ETF现在能买吗,综合诊基
南方中证500ETF现在能买吗,综合诊基
招商中证白酒基金现在能买吗,综合诊基
招商中证白酒基金现在能买吗,综合诊基
华夏上证50ETF现在能买吗,综合诊基
易方达蓝筹精选现在能买吗,综合诊基
南方中证500ETF现在能买吗,综合诊基
南方中证500ETF现在能买吗,综合诊基
招商中证白酒基金现在能买吗,综合诊基
华夏上证50ETF现在能买吗,综合诊基
南方中证500ETF现在能买吗,综合诊基
华夏上证50ETF现在能买吗,综合诊基
招商中证白酒基金现在能买吗,综合诊基
易方达蓝筹精选现在能买吗,综合诊基
华夏上证50ETF现在能买吗,综合诊基
南方中证500ETF现在能买吗,综合诊基
易方达蓝筹精选现在能买吗,综合诊基
易方达蓝筹精选现在能买吗,综合诊基
华夏上证50ETF现在能买吗,综合诊基
招商中证白酒基金现在能买吗,综合诊基
易方达蓝筹精选现在能买吗,综合诊基
招商中证白酒基金现在能买吗,综合诊基
华夏上证50ETF现在能买吗,综合诊基
招商中证白酒基金现在能买吗,综合诊基
南方中证500ETF现在能买吗,综合诊基
南方中证500ETF现在能买吗,综合诊基
华夏上证50ETF现在能买吗,综合诊基
招商中证白酒基金现在能买吗,综合诊基
南方中证500ETF现在能买吗,综合诊基
华夏上证50ETF现在能买吗,综合诊基
易方达蓝筹精选现在能买吗,综合诊基
易方达蓝筹精选现在能买吗,综合诊基
易方达蓝筹精选现在能买吗,综合诊基
华夏上证50ETF现在能买吗,综合诊基
华夏上证50ETF现在能买吗,综合诊基
南方中证500ETF现在能买吗,综合诊基
易方达蓝筹精选现在能买吗,综合诊基
招商中证白酒基金现在能买吗,综合诊基
招商中证白酒基金现在能买吗,综合诊基
招商中证白酒基金现在能买吗,综合诊基
招商中证白酒基金现在能买吗,综合诊基
招商中证白酒基金现在能买吗,综合诊基
南方中证500ETF现在能买吗,综合诊基
招商中证白酒基金现在能买吗,综合诊基
易方达蓝筹精选现在能买吗,综合诊基
易方达蓝筹精选现在能买吗,综合诊基
华夏上证50ETF现在能买吗,综合诊基
易方达蓝筹精选现在能买吗,综合诊基
南方中证500ETF现在能买吗,综合诊基
招商中证白酒基金现在能买吗,综合诊基
华夏上证50ETF现在能买吗,综合诊基
南方中证500ETF现在能买吗,综合诊基
招商中证白酒基金现在能买吗,综合诊基
南方中证500ETF现在能买吗,综合诊基
易方达蓝筹精选现在能买吗,综合诊基
南方中证500ETF现在能买吗,综合诊基
华夏上证50ETF现在能买吗,综合诊基
华夏上证50ETF现在能买吗,综合诊基
招商中证白酒基金现在能买吗,综合诊基
易方达蓝筹精选现在能买吗,综合诊基
易方达蓝筹精选现在能买吗,综合诊基
华夏上证50ETF现在能买吗,综合诊基
易方达蓝筹精选现在能买吗,综合诊基
易方达蓝筹精选现在能买吗,综合诊基
南方中证500ETF现在能买吗,综合诊基
招商中证白酒基金现在能买吗,综合诊基
华夏上证50ETF现在能买吗,综合诊基
华夏上证50ETF现在能买吗,综合诊基
招商中证白酒基金现在能买吗,综合诊基
易方达蓝筹精选现在能买吗,综合诊基
华夏上证50ETF现在能买吗,综合诊基
南方中证500ETF现在能买吗,综合诊基
易方达蓝筹精选现在能买吗,综合诊基
易方达蓝筹精选现在能买吗,综合诊基
南方中证500ETF现在能买吗,综合诊基
招商中证白酒基金现在能买吗,综合诊基
华夏上证50ETF现在能买吗,综合诊基
易方达蓝筹精选现在能买吗,综合诊基
易方达蓝筹精选现在能买吗,综合诊基
南方中证500ETF现在能买吗,综合诊基
易方达蓝筹精选现在能买吗,综合诊基
华夏上证50ETF现在能买吗,综合诊基
招商中证白酒基金现在能买吗,综合诊基
南方中证500ETF现在能买吗,综合诊基
南方中证500ETF现在能买吗,综合诊基
南方中证500ETF现在能买吗,综合诊基
易方达蓝筹精选现在能买吗,综合诊基
招商中证白酒基金现在能买吗,综合诊基
易方达蓝筹精选现在能买吗,综合诊基
招商中证白酒基金现在能买吗,综合诊基
南方中证500ETF现在能买吗,综合诊基
招商中证白酒基金现在能买吗,综合诊基
南方中证500ETF现在能买吗,综合诊基
华夏上证50ETF现在能买吗,综合诊基
华夏上证50ETF现在能买吗,综合诊基
华夏上证50ETF现在能买吗,综合诊基
招商中证白酒基金现在能买吗,综合诊基
招商中证白酒基金现在能买吗,综合诊基
华夏上证50ETF现在能买吗,综合诊基
易方达蓝筹精选现在能买吗,综合诊基
南方中证500ETF现在能买吗,综合诊基
招商中证白酒基金现在能买吗,综合诊基
招商中证白酒基金现在能买吗,综合诊基
易方达蓝筹精选现在能买吗,综合诊基
易方达蓝筹精选现在能买吗,综合诊基
南方中证500ETF现在能买吗,综合诊基
华夏上证50ETF现在能买吗,综合诊基
易方达蓝筹精选现在能买吗,综合诊基
招商中证白酒基金现在能买吗,综合诊基
华夏上证50ETF现在能买吗,综合诊基
招商中证白酒基金现在能买吗,综合诊基
华夏上证50ETF现在能买吗,综合诊基
南方中证500ETF现在能买吗,综合诊基
华夏上证50ETF现在能买吗,综合诊基
招商中证白酒基金现在能买吗,综合诊基
南方中证500ETF现在能买吗,综合诊基
招商中证白酒基金现在能买吗,综合诊基
南方中证500ETF现在能买吗,综合诊基
华夏上证50ETF现在能买吗,综合诊基
华夏上证50ETF现在能买吗,综合诊基
招商中证白酒基金现在能买吗,综合诊基
招商中证白酒基金现在能买吗,综合诊基
易方达蓝筹精选现在能买吗,综合诊基
易方达蓝筹精选现在能买吗,综合诊基
招商中证白酒基金现在能买吗,综合诊基
易方达蓝筹精选现在能买吗,综合诊基
易方达蓝筹精选现在能买吗,综合诊基
招商中证白酒基金现在能买吗,综合诊基
南方中证500ETF现在能买吗,综合诊基
易方达蓝筹精选现在能买吗,综合诊基
易方达蓝筹精选现在能买吗,综合诊基
南方中证500ETF现在能买吗,综合诊基
华夏上证50ETF现在能买吗,综合诊基
易方达蓝筹精选现在能买吗,综合诊基
华夏上证50ETF现在能买吗,综合诊基
华夏上证50ETF现在能买吗,综合诊基
易方达蓝筹精选现在能买吗,综合诊基
南方中证500ETF现在能买吗,综合诊基
招商中证白酒基金现在能买吗,综合诊基
立讯精密基本面怎么样,基本面诊股
立讯精密基本面怎么样,基本面诊股
东方财富基本面怎么样,基本面诊股
隆基绿能基本面怎么样,基本面诊股
立讯精密基本面怎么样,基本面诊股
比亚迪基本面怎么样,基本面诊股
海康威视基本面怎么样,基本面诊股
隆基绿能基本面怎么样,基本面诊股
立讯精密基本面怎么样,基本面诊股
比亚迪基本面怎么样,基本面诊股
中芯国际基本面怎么样,基本面诊股
海康威视基本面怎么样,基本面诊股
海康威视基本面怎么样,基本面诊股
五粮液基本面怎么样,基本面诊股
五粮液基本面怎么样,基本面诊股
比亚迪基本面怎么样,基本面诊股
隆基绿能基本面怎么样,基本面诊股
隆基绿能基本面怎么样,基本面诊股
立讯精密基本面怎么样,基本面诊股
东方财富基本面怎么样,基本面诊股
立讯精密基本面怎么样,基本面诊股
东方财富基本面怎么样,基本面诊股
宁德时代基本面怎么样,基本面诊股
五粮液基本面怎么样,基本面诊股
比亚迪基本面怎么样,基本面诊股
隆基绿能基本面怎么样,基本面诊股
中芯国际基本面怎么样,基本面诊股
隆基绿能基本面怎么样,基本面诊股
贵州茅台基本面怎么样,基本面诊股
中芯国际基本面怎么样,基本面诊股
中芯国际基本面怎么样,基本面诊股
五粮液基本面怎么样,基本面诊股
隆基绿能基本面怎么样,基本面诊股
宁德时代基本面怎么样,基本面诊股
海康威视基本面怎么样,基本面诊股
海康威视基本面怎么样,基本面诊股
立讯精密基本面怎么样,基本面诊股
比亚迪基本面怎么样,基本面诊股
中芯国际基本面怎么样,基本面诊股
立讯精密基本面怎么样,基本面诊股
立讯精密基本面怎么样,基本面诊股
海康威视基本面怎么样,基本面诊股
中芯国际基本面怎么样,基本面诊股
五粮液基本面怎么样,基本面诊股
隆基绿能基本面怎么样,基本面诊股
海康威视基本面怎么样,基本面诊股
海康威视基本面怎么样,基本面诊股
立讯精密基本面怎么样,基本面诊股
比亚迪基本面怎么样,基本面诊股
海康威视基本面怎么样,基本面诊股
隆基绿能基本面怎么样,基本面诊股
贵州茅台基本面怎么样,基本面诊股
五粮液基本面怎么样,基本面诊股
五粮液基本面怎么样,基本面诊股
东方财富基本面怎么样,基本面诊股
五粮液基本面怎么样,基本面诊股
五粮液基本面怎么样,基本面诊股
立讯精密基本面怎么样,基本面诊股
中芯国际基本面怎么样,基本面诊股
东方财富基本面怎么样,基本面诊股
隆基绿能基本面怎么样,基本面诊股
中芯国际基本面怎么样,基本面诊股
海康威视基本面怎么样,基本面诊股
宁德时代基本面怎么样,基本面诊股
中芯国际基本面怎么样,基本面诊股
隆基绿能基本面怎么样,基本面诊股
海康威视基本面怎么样,基本面诊股
隆基绿能基本面怎么样,基本面诊股
宁德时代基本面怎么样,基本面诊股
贵州茅台基本面怎么样,基本面诊股
比亚迪基本面怎么样,基本面诊股
五粮液基本面怎么样,基本面诊股
五粮液基本面怎么样,基本面诊股
隆基绿能基本面怎么样,基本面诊股
贵州茅台基本面怎么样,基本面诊股
五粮液基本面怎么样,基本面诊股
海康威视基本面怎么样,基本面诊股
海康威视基本面怎么样,基本面诊股
海康威视基本面怎么样,基本面诊股
海康威视基本面怎么样,基本面诊股
贵州茅台基本面怎么样,基本面诊股
东方财富基本面怎么样,基本面诊股
隆基绿能基本面怎么样,基本面诊股
五粮液基本面怎么样,基本面诊股
中芯国际基本面怎么样,基本面诊股
海康威视基本面怎么样,基本面诊股
五粮液基本面怎么样,基本面诊股
中芯国际基本面怎么样,基本面诊股
比亚迪基本面怎么样,基本面诊股
中芯国际基本面怎么样,基本面诊股
比亚迪基本面怎么样,基本面诊股
贵州茅台基本面怎么样,基本面诊股
海康威视基本面怎么样,基本面诊股
比亚迪基本面怎么样,基本面诊股
贵州茅台基本面怎么样,基本面诊股
贵州茅台基本面怎么样,基本面诊股
比亚迪基本面怎么样,基本面诊股
五粮液基本面怎么样,基本面诊股
五粮液基本面怎么样,基本面诊股
贵州茅台基本面怎么样,基本面诊股
比亚迪基本面怎么样,基本面诊股
五粮液基本面怎么样,基本面诊股
贵州茅台基本面怎么样,基本面诊股
贵州茅台基本面怎么样,基本面诊股
比亚迪基本面怎么样,基本面诊股
东方财富基本面怎么样,基本面诊股
隆基绿能基本面怎么样,基本面诊股
隆基绿能基本面怎么样,基本面诊股
宁德时代基本面怎么样,基本面诊股
立讯精密基本面怎么样,基本面诊股
海康威视基本面怎么样,基本面诊股
立讯精密基本面怎么样,基本面诊股
五粮液基本面怎么样,基本面诊股
海康威视基本面怎么样,基本面诊股
比亚迪基本面怎么样,基本面诊股
宁德时代基本面怎么样,基本面诊股
五粮液基本面怎么样,基本面诊股
立讯精密基本面怎么样,基本面诊股
中芯国际基本面怎么样,基本面诊股
海康威视基本面怎么样,基本面诊股
五粮液基本面怎么样,基本面诊股
宁德时代基本面怎么样,基本面诊股
东方财富基本面怎么样,基本面诊股
比亚迪基本面怎么样,基本面诊股
五粮液基本面怎么样,基本面诊股
海康威视基本面怎么样,基本面诊股
五粮液基本面怎么样,基本面诊股
五粮液基本面怎么样,基本面诊股
宁德时代基本面怎么样,基本面诊股
比亚迪基本面怎么样,基本面诊股
贵州茅台基本面怎么样,基本面诊股
海康威视基本面怎么样,基本面诊股
比亚迪基本面怎么样,基本面诊股
东方财富基本面怎么样,基本面诊股
中芯国际基本面怎么样,基本面诊股
海康威视基本面怎么样,基本面诊股
隆基绿能基本面怎么样,基本面诊股
比亚迪基本面怎么样,基本面诊股
立讯精密基本面怎么样,基本面诊股
海康威视基本面怎么样,基本面诊股
中芯国际基本面怎么样,基本面诊股
宁德时代基本面怎么样,基本面诊股
贵州茅台基本面怎么样,基本面诊股
东方财富基本面怎么样,基本面诊股
东方财富基本面怎么样,基本面诊股
宁德时代基本面怎么样,基本面诊股
五粮液基本面怎么样,基本面诊股
海康威视基本面怎么样,基本面诊股
比亚迪基本面怎么样,基本面诊股
立讯精密基本面怎么样,基本面诊股
东方财富基本面怎么样,基本面诊股
隆基绿能基本面怎么样,基本面诊股
隆基绿能基本面怎么样,基本面诊股
宁德时代基本面怎么样,基本面诊股
贵州茅台基本面怎么样,基本面诊股
贵州茅台基本面怎么样,基本面诊股
海康威视基本面怎么样,基本面诊股
东方财富基本面怎么样,基本面诊股
五粮液基本面怎么样,基本面诊股
立讯精密基本面怎么样,基本面诊股
海康威视基本面怎么样,基本面诊股
隆基绿能基本面怎么样,基本面诊股
贵州茅台基本面怎么样,基本面诊股
宁德时代基本面怎么样,基本面诊股
东方财富基本面怎么样,基本面诊股
隆基绿能基本面怎么样,基本面诊股
比亚迪基本面怎么样,基本面诊股
五粮液基本面怎么样,基本面诊股
五粮液基本面怎么样,基本面诊股
立讯精密基本面怎么样,基本面诊股
立讯精密基本面怎么样,基本面诊股
海康威视基本面怎么样,基本面诊股
五粮液基本面怎么样,基本面诊股
五粮液基本面怎么样,基本面诊股
贵州茅台基本面怎么样,基本面诊股
中芯国际基本面怎么样,基本面诊股
东方财富基本面怎么样,基本面诊股
贵州茅台基本面怎么样,基本面诊股
隆基绿能基本面怎么样,基本面诊股
五粮液基本面怎么样,基本面诊股
隆基绿能基本面怎么样,基本面诊股
宁德时代基本面怎么样,基本面诊股
海康威视基本面怎么样,基本面诊股
五粮液基本面怎么样,基本面诊股
东方财富基本面怎么样,基本面诊股
隆基绿能基本面怎么样,基本面诊股
比亚迪基本面怎么样,基本面诊股
五粮液基本面怎么样,基本面诊股
中芯国际基本面怎么样,基本面诊股
立讯精密基本面怎么样,基本面诊股
比亚迪基本面怎么样,基本面诊股
隆基绿能基本面怎么样,基本面诊股
宁德时代基本面怎么样,基本面诊股
立讯精密基本面怎么样,基本面诊股
东方财富基本面怎么样,基本面诊股
东方财富基本面怎么样,基本面诊股
五粮液基本面怎么样,基本面诊股
中芯国际基本面怎么样,基本面诊股
东方财富基本面怎么样,基本面诊股
隆基绿能基本面怎么样,基本面诊股
东方财富基本面怎么样,基本面诊股
立讯精密基本面怎么样,基本面诊股
宁德时代基本面怎么样,基本面诊股
比亚迪基本面怎么样,基本面诊股
宁德时代基本面怎么样,基本面诊股
五粮液基本面怎么样,基本面诊股
比亚迪基本面怎么样,基本面诊股
立讯精密基本面怎么样,基本面诊股
东方财富基本面怎么样,基本面诊股
立讯精密基本面怎么样,基本面诊股
比亚迪基本面怎么样,基本面诊股
海康威视基本面怎么样,基本面诊股
比亚迪基本面怎么样,基本面诊股
立讯精密基本面怎么样,基本面诊股
中芯国际基本面怎么样,基本面诊股
立讯精密基本面怎么样,基本面诊股
东方财富基本面怎么样,基本面诊股
中芯国际基本面怎么样,基本面诊股
海康威视基本面怎么样,基本面诊股
中芯国际基本面怎么样,基本面诊股
隆基绿能基本面怎么样,基本面诊股
比亚迪基本面怎么样,基本面诊股
贵州茅台基本面怎么样,基本面诊股
东方财富基本面怎么样,基本面诊股
海康威视基本面怎么样,基本面诊股
中芯国际基本面怎么样,基本面诊股
立讯精密基本面怎么样,基本面诊股
比亚迪基本面怎么样,基本面诊股
海康威视基本面怎么样,基本面诊股
立讯精密基本面怎么样,基本面诊股
海康威视基本面怎么样,基本面诊股
海康威视基本面怎么样,基本面诊股
宁德时代基本面怎么样,基本面诊股
隆基绿能基本面怎么样,基本面诊股
隆基绿能基本面怎么样,基本面诊股
隆基绿能基本面怎么样,基本面诊股
中芯国际基本面怎么样,基本面诊股
海康威视基本面怎么样,基本面诊股
东方财富基本面怎么样,基本面诊股
中芯国际基本面怎么样,基本面诊股
海康威视基本面怎么样,基本面诊股
海康威视基本面怎么样,基本面诊股
比亚迪基本面怎么样,基本面诊股
比亚迪基本面怎么样,基本面诊股
隆基绿能基本面怎么样,基本面诊股
五粮液基本面怎么样,基本面诊股
海康威视基本面怎么样,基本面诊股
宁德时代基本面怎么样,基本面诊股
中芯国际基本面怎么样,基本面诊股
海康威视基本面怎么样,基本面诊股
贵州茅台基本面怎么样,基本面诊股
东方财富基本面怎么样,基本面诊股
海康威视基本面怎么样,基本面诊股
宁德时代基本面怎么样,基本面诊股
五粮液基本面怎么样,基本面诊股
五粮液基本面怎么样,基本面诊股
隆基绿能基本面怎么样,基本面诊股
五粮液基本面怎么样,基本面诊股
隆基绿能基本面怎么样,基本面诊股
比亚迪基本面怎么样,基本面诊股
五粮液基本面怎么样,基本面诊股
贵州茅台基本面怎么样,基本面诊股
五粮液基本面怎么样,基本面诊股
东方财富基本面怎么样,基本面诊股
海康威视基本面怎么样,基本面诊股
海康威视基本面怎么样,基本面诊股
贵州茅台基本面怎么样,基本面诊股
海康威视基本面怎么样,基本面诊股
东方财富基本面怎么样,基本面诊股
比亚迪基本面怎么样,基本面诊股
东方财富基本面怎么样,基本面诊股
比亚迪基本面怎么样,基本面诊股
宁德时代基本面怎么样,基本面诊股
比亚迪基本面怎么样,基本面诊股
五粮液基本面怎么样,基本面诊股
海康威视基本面怎么样,基本面诊股
比亚迪基本面怎么样,基本面诊股
宁德时代基本面怎么样,基本面诊股
海康威视基本面怎么样,基本面诊股
中芯国际基本面怎么样,基本面诊股
比亚迪基本面怎么样,基本面诊股
立讯精密基本面怎么样,基本面诊股
立讯精密基本面怎么样,基本面诊股
贵州茅台基本面怎么样,基本面诊股
中芯国际基本面怎么样,基本面诊股
五粮液基本面怎么样,基本面诊股
比亚迪基本面怎么样,基本面诊股
隆基绿能基本面怎么样,基本面诊股
立讯精密基本面怎么样,基本面诊股
东方财富基本面怎么样,基本面诊股
隆基绿能基本面怎么样,基本面诊股
中芯国际基本面怎么样,基本面诊股
宁德时代基本面怎么样,基本面诊股
立讯精密基本面怎么样,基本面诊股
隆基绿能基本面怎么样,基本面诊股
东方财富基本面怎么样,基本面诊股
五粮液基本面怎么样,基本面诊股
贵州茅台基本面怎么样,基本面诊股
宁德时代基本面怎么样,基本面诊股
隆基绿能基本面怎么样,基本面诊股
五粮液基本面怎么样,基本面诊股
贵州茅台基本面怎么样,基本面诊股
比亚迪基本面怎么样,基本面诊股
中芯国际基本面怎么样,基本面诊股
立讯精密基本面怎么样,基本面诊股
五粮液基本面怎么样,基本面诊股
海康威视基本面怎么样,基本面诊股
中芯国际基本面怎么样,基本面诊股
隆基绿能基本面怎么样,基本面诊股
隆基绿能基本面怎么样,基本面诊股
立讯精密基本面怎么样,基本面诊股
五粮液基本面怎么样,基本面诊股
东方财富基本面怎么样,基本面诊股
立讯精密基本面怎么样,基本面诊股
五粮液基本面怎么样,基本面诊股
中芯国际基本面怎么样,基本面诊股
东方财富基本面怎么样,基本面诊股
隆基绿能基本面怎么样,基本面诊股
隆基绿能基本面怎么样,基本面诊股
宁德时代基本面怎么样,基本面诊股
五粮液基本面怎么样,基本面诊股
中芯国际基本面怎么样,基本面诊股
立讯精密基本面怎么样,基本面诊股
立讯精密基本面怎么样,基本面诊股
立讯精密基本面怎么样,基本面诊股
隆基绿能基本面怎么样,基本面诊股
隆基绿能基本面怎么样,基本面诊股
贵州茅台基本面怎么样,基本面诊股
五粮液基本面怎么样,基本面诊股
五粮液基本面怎么样,基本面诊股
东方财富基本面怎么样,基本面诊股
中芯国际基本面怎么样,基本面诊股
五粮液基本面怎么样,基本面诊股
海康威视基本面怎么样,基本面诊股
宁德时代基本面怎么样,基本面诊股
中芯国际基本面怎么样,基本面诊股
海康威视基本面怎么样,基本面诊股
中芯国际基本面怎么样,基本面诊股
隆基绿能基本面怎么样,基本面诊股
立讯精密基本面怎么样,基本面诊股
东方财富基本面怎么样,基本面诊股
比亚迪基本面怎么样,基本面诊股
中芯国际基本面怎么样,基本面诊股
隆基绿能基本面怎么样,基本面诊股
比亚迪基本面怎么样,基本面诊股
东方财富基本面怎么样,基本面诊股
立讯精密基本面怎么样,基本面诊股
宁德时代基本面怎么样,基本面诊股
比亚迪基本面怎么样,基本面诊股
贵州茅台基本面怎么样,基本面诊股
东方财富基本面怎么样,基本面诊股
五粮液基本面怎么样,基本面诊股
五粮液基本面怎么样,基本面诊股
中芯国际基本面怎么样,基本面诊股
宁德时代基本面怎么样,基本面诊股
贵州茅台基本面怎么样,基本面诊股
中芯国际基本面怎么样,基本面诊股
宁德时代基本面怎么样,基本面诊股
比亚迪基本面怎么样,基本面诊股
东方财富基本面怎么样,基本面诊股
立讯精密基本面怎么样,基本面诊股
宁德时代基本面怎么样,基本面诊股
贵州茅台基本面怎么样,基本面诊股
海康威视基本面怎么样,基本面诊股
中芯国际基本面怎么样,基本面诊股
海康威视基本面怎么样,基本面诊股
隆基绿能基本面怎么样,基本面诊股
立讯精密基本面怎么样,基本面诊股
贵州茅台基本面怎么样,基本面诊股
中芯国际基本面怎么样,基本面诊股
隆基绿能基本面怎么样,基本面诊股
东方财富基本面怎么样,基本面诊股
五粮液基本面怎么样,基本面诊股
立讯精密基本面怎么样,基本面诊股
东方财富基本面怎么样,基本面诊股
隆基绿能基本面怎么样,基本面诊股
隆基绿能基本面怎么样,基本面诊股
比亚迪基本面怎么样,基本面诊股
立讯精密基本面怎么样,基本面诊股
隆基绿能基本面怎么样,基本面诊股
宁德时代基本面怎么样,基本面诊股
立讯精密基本面怎么样,基本面诊股
立讯精密基本面怎么样,基本面诊股
贵州茅台基本面怎么样,基本面诊股
立讯精密基本面怎么样,基本面诊股
比亚迪基本面怎么样,基本面诊股
立讯精密基本面怎么样,基本面诊股
隆基绿能基本面怎么样,基本面诊股
海康威视基本面怎么样,基本面诊股
中芯国际基本面怎么样,基本面诊股
宁德时代基本面怎么样,基本面诊股
中芯国际基本面怎么样,基本面诊股
五粮液基本面怎么样,基本面诊股
海康威视基本面怎么样,基本面诊股
隆基绿能基本面怎么样,基本面诊股
立讯精密基本面怎么样,基本面诊股
海康威视基本面怎么样,基本面诊股
宁德时代基本面怎么样,基本面诊股
比亚迪基本面怎么样,基本面诊股
比亚迪基本面怎么样,基本面诊股
海康威视基本面怎么样,基本面诊股
宁德时代基本面怎么样,基本面诊股
宁德时代基本面怎么样,基本面诊股
贵州茅台基本面怎么样,基本面诊股
贵州茅台基本面怎么样,基本面诊股
五粮液基本面怎么样,基本面诊股
贵州茅台基本面怎么样,基本面诊股
五粮液基本面怎么样,基本面诊股
宁德时代基本面怎么样,基本面诊股
隆基绿能基本面怎么样,基本面诊股
贵州茅台基本面怎么样,基本面诊股
比亚迪基本面怎么样,基本面诊股
隆基绿能基本面怎么样,基本面诊股
宁德时代基本面怎么样,基本面诊股
五粮液基本面怎么样,基本面诊股
宁德时代基本面怎么样,基本面诊股
贵州茅台基本面怎么样,基本面诊股
立讯精密基本面怎么样,基本面诊股
贵州茅台基本面怎么样,基本面诊股
海康威视基本面怎么样,基本面诊股
五粮液基本面怎么样,基本面诊股
立讯精密基本面怎么样,基本面诊股
比亚迪基本面怎么样,基本面诊股
东方财富基本面怎么样,基本面诊股
贵州茅台基本面怎么样,基本面诊股
东方财富基本面怎么样,基本面诊股
宁德时代基本面怎么样,基本面诊股
比亚迪基本面怎么样,基本面诊股
比亚迪基本面怎么样,基本面诊股
东方财富基本面怎么样,基本面诊股
东方财富基本面怎么样,基本面诊股
五粮液基本面怎么样,基本面诊股
东方财富基本面怎么样,基本面诊股
比亚迪基本面怎么样,基本面诊股
海康威视基本面怎么样,基本面诊股
隆基绿能基本面怎么样,基本面诊股
比亚迪基本面怎么样,基本面诊股
立讯精密基本面怎么样,基本面诊股
五粮液基本面怎么样,基本面诊股
五粮液基本面怎么样,基本面诊股
五粮液基本面怎么样,基本面诊股
比亚迪基本面怎么样,基本面诊股
立讯精密基本面怎么样,基本面诊股
五粮液基本面怎么样,基本面诊股
海康威视基本面怎么样,基本面诊股
隆基绿能基本面怎么样,基本面诊股
隆基绿能基本面怎么样,基本面诊股
立讯精密基本面怎么样,基本面诊股
宁德时代基本面怎么样,基本面诊股
宁德时代基本面怎么样,基本面诊股
贵州茅台基本面怎么样,基本面诊股
中芯国际基本面怎么样,基本面诊股
海康威视基本面怎么样,基本面诊股
立讯精密基本面怎么样,基本面诊股
海康威视基本面怎么样,基本面诊股
比亚迪基本面怎么样,基本面诊股
立讯精密基本面怎么样,基本面诊股
五粮液基本面怎么样,基本面诊股
比亚迪基本面怎么样,基本面诊股
隆基绿能基本面怎么样,基本面诊股
海康威视基本面怎么样,基本面诊股
隆基绿能基本面怎么样,基本面诊股
立讯精密基本面怎么样,基本面诊股
东方财富基本面怎么样,基本面诊股
中芯国际基本面怎么样,基本面诊股
隆基绿能基本面怎么样,基本面诊股
隆基绿能基本面怎么样,基本面诊股
比亚迪基本面怎么样,基本面诊股
隆基绿能基本面怎么样,基本面诊股
中芯国际基本面怎么样,基本面诊股
立讯精密基本面怎么样,基本面诊股
海康威视基本面怎么样,基本面诊股
宁德时代基本面怎么样,基本面诊股
隆基绿能基本面怎么样,基本面诊股
宁德时代基本面怎么样,基本面诊股
宁德时代基本面怎么样,基本面诊股
隆基绿能基本面怎么样,基本面诊股
隆基绿能基本面怎么样,基本面诊股
贵州茅台基本面怎么样,基本面诊股
中芯国际基本面怎么样,基本面诊股
宁德时代基本面怎么样,基本面诊股
中芯国际基本面怎么样,基本面诊股
中芯国际基本面怎么样,基本面诊股
隆基绿能基本面怎么样,基本面诊股
比亚迪基本面怎么样,基本面诊股
东方财富基本面怎么样,基本面诊股
五粮液基本面怎么样,基本面诊股
海康威视基本面怎么样,基本面诊股
宁德时代基本面怎么样,基本面诊股
东方财富基本面怎么样,基本面诊股
隆基绿能基本面怎么样,基本面诊股
隆基绿能基本面怎么样,基本面诊股
宁德时代基本面怎么样,基本面诊股
东方财富基本面怎么样,基本面诊股
贵州茅台基本面怎么样,基本面诊股
东方财富基本面怎么样,基本面诊股
立讯精密基本面怎么样,基本面诊股
比亚迪基本面怎么样,基本面诊股
中芯国际基本面怎么样,基本面诊股
五粮液基本面怎么样,基本面诊股
宁德时代RSI怎么看,技术面诊股
中芯国际KDJ怎么看,技术面诊股
中芯国际MACD怎么看,技术面诊股
宁德时代MACD怎么看,技术面诊股
五粮液MACD怎么看,技术面诊股
比亚迪MACD怎么看,技术面诊股
宁德时代RSI怎么看,技术面诊股
海康威视MACD怎么看,技术面诊股
东方财富均线多头排列怎么看,技术面诊股
比亚迪RSI怎么看,技术面诊股
海康威视KDJ怎么看,技术面诊股
中芯国际均线多头排列怎么看,技术面诊股
宁德时代MACD怎么看,技术面诊股
立讯精密MACD怎么看,技术面诊股
宁德时代RSI怎么看,技术面诊股
东方财富KDJ怎么看,技术面诊股
贵州茅台RSI怎么看,技术面诊股
立讯精密KDJ怎么看,技术面诊股
比亚迪KDJ怎么看,技术面诊股
中芯国际KDJ怎么看,技术面诊股
立讯精密KDJ怎么看,技术面诊股
比亚迪RSI怎么看,技术面诊股
海康威视均线多头排列怎么看,技术面诊股
立讯精密KDJ怎么看,技术面诊股
贵州茅台MACD怎么看,技术面诊股
比亚迪MACD怎么看,技术面诊股
宁德时代KDJ怎么看,技术面诊股
五粮液KDJ怎么看,技术面诊股
中芯国际MACD怎么看,技术面诊股
海康威视均线多头排列怎么看,技术面诊股
五粮液均线多头排列怎么看,技术面诊股
宁德时代MACD怎么看,技术面诊股
五粮液均线多头排列怎么看,技术面诊股
立讯精密MACD怎么看,技术面诊股
五粮液均线多头排列怎么看,技术面诊股
隆基绿能RSI怎么看,技术面诊股
隆基绿能MACD怎么看,技术面诊股
五粮液MACD怎么看,技术面诊股
比亚迪均线多头排列怎么看,技术面诊股
立讯精密KDJ怎么看,技术面诊股
中芯国际RSI怎么看,技术面诊股
五粮液均线多头排列怎么看,技术面诊股
中芯国际均线多头排列怎么看,技术面诊股
中芯国际KDJ怎么看,技术面诊股
中芯国际MACD怎么看,技术面诊股
东方财富均线多头排列怎么看,技术面诊股
比亚迪RSI怎么看,技术面诊股
中芯国际RSI怎么看,技术面诊股
比亚迪KDJ怎么看,技术面诊股
东方财富MACD怎么看,技术面诊股
隆基绿能均线多头排列怎么看,技术面诊股
海康威视均线多头排列怎么看,技术面诊股
海康威视MACD怎么看,技术面诊股
立讯精密MACD怎么看,技术面诊股
贵州茅台RSI怎么看,技术面诊股
中芯国际KDJ怎么看,技术面诊股
海康威视MACD怎么看,技术面诊股
中芯国际MACD怎么看,技术面诊股
隆基绿能均线多头排列怎么看,技术面诊股
隆基绿能KDJ怎么看,技术面诊股
隆基绿能均线多头排列怎么看,技术面诊股
宁德时代均线多头排列怎么看,技术面诊股
五粮液RSI怎么看,技术面诊股
贵州茅台RSI怎么看,技术面诊股
东方财富RSI怎么看,技术面诊股
立讯精密均线多头排列怎么看,技术面诊股
东方财富RSI怎么看,技术面诊股
海康威视RSI怎么看,技术面诊股
宁德时代RSI怎么看,技术面诊股
五粮液MACD怎么看,技术面诊股
宁德时代KDJ怎么看,技术面诊股
贵州茅台KDJ怎么看,技术面诊股
东方财富RSI怎么看,技术面诊股
贵州茅台均线多头排列怎么看,技术面诊股
比亚迪KDJ怎么看,技术面诊股
立讯精密MACD怎么看,技术面诊股
五粮液RSI怎么看,技术面诊股
比亚迪RSI怎么看,技术面诊股
贵州茅台KDJ怎么看,技术面诊股
五粮液RSI怎么看,技术面诊股
贵州茅台KDJ怎么看,技术面诊股
宁德时代RSI怎么看,技术面诊股
中芯国际均线多头排列怎么看,技术面诊股
贵州茅台均线多头排列怎么看,技术面诊股
比亚迪均线多头排列怎么看,技术面诊股
立讯精密RSI怎么看,技术面诊股
中芯国际均线多头排列怎么看,技术面诊股
贵州茅台KDJ怎么看,技术面诊股
中芯国际RSI怎么看,技术面诊股
五粮液KDJ怎么看,技术面诊股
比亚迪MACD怎么看,技术面诊股
宁德时代RSI怎么看,技术面诊股
贵州茅台MACD怎么看,技术面诊股
宁德时代KDJ怎么看,技术面诊股
海康威视RSI怎么看,技术面诊股
比亚迪MACD怎么看,技术面诊股
贵州茅台RSI怎么看,技术面诊股
东方财富RSI怎么看,技术面诊股
比亚迪均线多头排列怎么看,技术面诊股
比亚迪KDJ怎么看,技术面诊股
贵州茅台MACD怎么看,技术面诊股
东方财富MACD怎么看,技术面诊股
海康威视KDJ怎么看,技术面诊股
东方财富RSI怎么看,技术面诊股
比亚迪MACD怎么看,技术面诊股
贵州茅台均线多头排列怎么看,技术面诊股
隆基绿能均线多头排列怎么看,技术面诊股
贵州茅台均线多头排列怎么看,技术面诊股
东方财富KDJ怎么看,技术面诊股
隆基绿能KDJ怎么看,技术面诊股
东方财富均线多头排列怎么看,技术面诊股
海康威视RSI怎么看,技术面诊股
中芯国际MACD怎么看,技术面诊股
东方财富RSI怎么看,技术面诊股
贵州茅台KDJ怎么看,技术面诊股
宁德时代均线多头排列怎么看,技术面诊股
五粮液MACD怎么看,技术面诊股
海康威视KDJ怎么看,技术面诊股
贵州茅台MACD怎么看,技术面诊股
比亚迪KDJ怎么看,技术面诊股
隆基绿能均线多头排列怎么看,技术面诊股
海康威视KDJ怎么看,技术面诊股
海康威视RSI怎么看,技术面诊股
东方财富RSI怎么看,技术面诊股
海康威视RSI怎么看,技术面诊股
宁德时代RSI怎么看,技术面诊股
比亚迪均线多头排列怎么看,技术面诊股
贵州茅台MACD怎么看,技术面诊股
中芯国际MACD怎么看,技术面诊股
隆基绿能KDJ怎么看,技术面诊股
宁德时代均线多头排列怎么看,技术面诊股
五粮液KDJ怎么看,技术面诊股
比亚迪MACD怎么看,技术面诊股
贵州茅台RSI怎么看,技术面诊股
立讯精密RSI怎么看,技术面诊股
海康威视KDJ怎么看,技术面诊股
海康威视均线多头排列怎么看,技术面诊股
中芯国际均线多头排列怎么看,技术面诊股
海康威视均线多头排列怎么看,技术面诊股
海康威视MACD怎么看,技术面诊股
宁德时代KDJ怎么看,技术面诊股
贵州茅台MACD怎么看,技术面诊股
东方财富均线多头排列怎么看,技术面诊股
中芯国际MACD怎么看,技术面诊股
东方财富RSI怎么看,技术面诊股
中芯国际KDJ怎么看,技术面诊股
比亚迪均线多头排列怎么看,技术面诊股
隆基绿能KDJ怎么看,技术面诊股
五粮液均线多头排列怎么看,技术面诊股
东方财富均线多头排列怎么看,技术面诊股
贵州茅台均线多头排列怎么看,技术面诊股
比亚迪均线多头排列怎么看,技术面诊股
立讯精密RSI怎么看,技术面诊股
宁德时代KDJ怎么看,技术面诊股
海康威视MACD怎么看,技术面诊股
五粮液RSI怎么看,技术面诊股
东方财富均线多头排列怎么看,技术面诊股
立讯精密RSI怎么看,技术面诊股
五粮液RSI怎么看,技术面诊股
隆基绿能RSI怎么看,技术面诊股
立讯精密KDJ怎么看,技术面诊股
立讯精密KDJ怎么看,技术面诊股
中芯国际KDJ怎么看,技术面诊股
中芯国际RSI怎么看,技术面诊股
立讯精密MACD怎么看,技术面诊股
海康威视MACD怎么看,技术面诊股
贵州茅台KDJ怎么看,技术面诊股
中芯国际MACD怎么看,技术面诊股
东方财富均线多头排列怎么看,技术面诊股
宁德时代均线多头排列怎么看,技术面诊股
比亚迪RSI怎么看,技术面诊股
五粮液RSI怎么看,技术面诊股
宁德时代MACD怎么看,技术面诊股
中芯国际均线多头排列怎么看,技术面诊股
五粮液RSI怎么看,技术面诊股
东方财富MACD怎么看,技术面诊股
中芯国际KDJ怎么看,技术面诊股
比亚迪RSI怎么看,技术面诊股
隆基绿能均线多头排列怎么看,技术面诊股
中芯国际KDJ怎么看,技术面诊股
立讯精密均线多头排列怎么看,技术面诊股
海康威视RSI怎么看,技术面诊股
宁德时代均线多头排列怎么看,技术面诊股
隆基绿能KDJ怎么看,技术面诊股
比亚迪KDJ怎么看,技术面诊股
比亚迪均线多头排列怎么看,技术面诊股
隆基绿能均线多头排列怎么看,技术面诊股
中芯国际RSI怎么看,技术面诊股
隆基绿能RSI怎么看,技术面诊股
贵州茅台均线多头排列怎么看,技术面诊股
隆基绿能均线多头排列怎么看,技术面诊股
宁德时代KDJ怎么看,技术面诊股
海康威视均线多头排列怎么看,技术面诊股
比亚迪均线多头排列怎么看,技术面诊股
立讯精密均线多头排列怎么看,技术面诊股
海康威视KDJ怎么看,技术面诊股
宁德时代MACD怎么看,技术面诊股
宁德时代RSI怎么看,技术面诊股
立讯精密KDJ怎么看,技术面诊股
贵州茅台MACD怎么看,技术面诊股
五粮液均线多头排列怎么看,技术面诊股
贵州茅台KDJ怎么看,技术面诊股
贵州茅台RSI怎么看,技术面诊股
隆基绿能RSI怎么看,技术面诊股
贵州茅台RSI怎么看,技术面诊股
海康威视MACD怎么看,技术面诊股
贵州茅台均线多头排列怎么看,技术面诊股
比亚迪RSI怎么看,技术面诊股
中芯国际均线多头排列怎么看,技术面诊股
宁德时代RSI怎么看,技术面诊股
宁德时代MACD怎么看,技术面诊股
隆基绿能KDJ怎么看,技术面诊股
东方财富RSI怎么看,技术面诊股
东方财富MACD怎么看,技术面诊股
海康威视RSI怎么看,技术面诊股
宁德时代MACD怎么看,技术面诊股
宁德时代均线多头排列怎么看,技术面诊股
东方财富RSI怎么看,技术面诊股
隆基绿能均线多头排列怎么看,技术面诊股
比亚迪均线多头排列怎么看,技术面诊股
东方财富MACD怎么看,技术面诊股
东方财富均线多头排列怎么看,技术面诊股
隆基绿能MACD怎么看,技术面诊股
五粮液MACD怎么看,技术面诊股
立讯精密MACD怎么看,技术面诊股
海康威视均线多头排列怎么看,技术面诊股
五粮液RSI怎么看,技术面诊股
比亚迪均线多头排列怎么看,技术面诊股
立讯精密均线多头排列怎么看,技术面诊股
隆基绿能MACD怎么看,技术面诊股
东方财富均线多头排列怎么看,技术面诊股
五粮液KDJ怎么看,技术面诊股
五粮液KDJ怎么看,技术面诊股
隆基绿能均线多头排列怎么看,技术面诊股
五粮液均线多头排列怎么看,技术面诊股
五粮液RSI怎么看,技术面诊股
海康威视MACD怎么看,技术面诊股
海康威视MACD怎么看,技术面诊股
五粮液均线多头排列怎么看,技术面诊股
比亚迪RSI怎么看,技术面诊股
宁德时代MACD怎么看,技术面诊股
东方财富均线多头排列怎么看,技术面诊股
五粮液均线多头排列怎么看,技术面诊股
立讯精密KDJ怎么看,技术面诊股
东方财富均线多头排列怎么看,技术面诊股
五粮液RSI怎么看,技术面诊股
立讯精密均线多头排列怎么看,技术面诊股
海康威视KDJ怎么看,技术面诊股
隆基绿能RSI怎么看,技术面诊股
隆基绿能均线多头排列怎么看,技术面诊股
比亚迪KDJ怎么看,技术面诊股
宁德时代RSI怎么看,技术面诊股
立讯精密均线多头排列怎么看,技术面诊股
宁德时代均线多头排列怎么看,技术面诊股
五粮液KDJ怎么看,技术面诊股
中芯国际MACD怎么看,技术面诊股
贵州茅台RSI怎么看,技术面诊股
宁德时代MACD怎么看,技术面诊股
立讯精密MACD怎么看,技术面诊股
比亚迪KDJ怎么看,技术面诊股
海康威视KDJ怎么看,技术面诊股
隆基绿能均线多头排列怎么看,技术面诊股
五粮液MACD怎么看,技术面诊股
中芯国际KDJ怎么看,技术面诊股
隆基绿能RSI怎么看,技术面诊股
中芯国际均线多头排列怎么看,技术面诊股
宁德时代均线多头排列怎么看,技术面诊股
五粮液MACD怎么看,技术面诊股
中芯国际RSI怎么看,技术面诊股
海康威视均线多头排列怎么看,技术面诊股
五粮液均线多头排列怎么看,技术面诊股
比亚迪RSI怎么看,技术面诊股
贵州茅台均线多头排列怎么看,技术面诊股
贵州茅台MACD怎么看,技术面诊股
五粮液KDJ怎么看,技术面诊股
五粮液RSI怎么看,技术面诊股
宁德时代MACD怎么看,技术面诊股
海康威视RSI怎么看,技术面诊股
宁德时代MACD怎么看,技术面诊股
中芯国际MACD怎么看,技术面诊股
贵州茅台MACD怎么看,技术面诊股
宁德时代RSI怎么看,技术面诊股
隆基绿能RSI怎么看,技术面诊股
立讯精密RSI怎么看,技术面诊股
隆基绿能均线多头排列怎么看,技术面诊股
东方财富MACD怎么看,技术面诊股
海康威视RSI怎么看,技术面诊股
海康威视KDJ怎么看,技术面诊股
比亚迪KDJ怎么看,技术面诊股
五粮液MACD怎么看,技术面诊股
海康威视均线多头排列怎么看,技术面诊股
中芯国际RSI怎么看,技术面诊股
五粮液KDJ怎么看,技术面诊股
中芯国际RSI怎么看,技术面诊股
海康威视MACD怎么看,技术面诊股
东方财富RSI怎么看,技术面诊股
贵州茅台KDJ怎么看,技术面诊股
贵州茅台KDJ怎么看,技术面诊股
宁德时代MACD怎么看,技术面诊股
比亚迪MACD怎么看,技术面诊股
东方财富KDJ怎么看,技术面诊股
隆基绿能MACD怎么看,技术面诊股
比亚迪MACD怎么看,技术面诊股
宁德时代RSI怎么看,技术面诊股
比亚迪MACD怎么看,技术面诊股
隆基绿能MACD怎么看,技术面诊股
立讯精密MACD怎么看,技术面诊股
海康威视均线多头排列怎么看,技术面诊股
比亚迪MACD怎么看,技术面诊股
东方财富KDJ怎么看,技术面诊股
中芯国际RSI怎么看,技术面诊股
五粮液MACD怎么看,技术面诊股
东方财富MACD怎么看,技术面诊股
隆基绿能均线多头排列怎么看,技术面诊股
隆基绿能均线多头排列怎么看,技术面诊股
海康威视KDJ怎么看,技术面诊股
中芯国际均线多头排列怎么看,技术面诊股
立讯精密RSI怎么看,技术面诊股
五粮液RSI怎么看,技术面诊股
比亚迪RSI怎么看,技术面诊股
隆基绿能MACD怎么看,技术面诊股
隆基绿能KDJ怎么看,技术面诊股
贵州茅台MACD怎么看,技术面诊股
立讯精密KDJ怎么看,技术面诊股
五粮液MACD怎么看,技术面诊股
比亚迪RSI怎么看,技术面诊股
东方财富RSI怎么看,技术面诊股
隆基绿能RSI怎么看,技术面诊股
海康威视MACD怎么看,技术面诊股
海康威视MACD怎么看,技术面诊股
立讯精密均线多头排列怎么看,技术面诊股
比亚迪均线多头排列怎么看,技术面诊股
宁德时代MACD怎么看,技术面诊股
比亚迪MACD怎么看,技术面诊股
五粮液RSI怎么看,技术面诊股
海康威视MACD怎么看,技术面诊股
立讯精密均线多头排列怎么看,技术面诊股
五粮液RSI怎么看,技术面诊股
宁德时代RSI怎么看,技术面诊股
海康威视MACD怎么看,技术面诊股
东方财富均线多头排列怎么看,技术面诊股
宁德时代KDJ怎么看,技术面诊股
东方财富均线多头排列怎么看,技术面诊股
宁德时代MACD怎么看,技术面诊股
海康威视均线多头排列怎么看,技术面诊股
东方财富MACD怎么看,技术面诊股
中芯国际KDJ怎么看,技术面诊股
隆基绿能均线多头排列怎么看,技术面诊股
东方财富RSI怎么看,技术面诊股
中芯国际KDJ怎么看,技术面诊股
立讯精密KDJ怎么看,技术面诊股
五粮液均线多头排列怎么看,技术面诊股
比亚迪RSI怎么看,技术面诊股
五粮液均线多头排列怎么看,技术面诊股
东方财富均线多头排列怎么看,技术面诊股
宁德时代KDJ怎么看,技术面诊股
贵州茅台均线多头排列怎么看,技术面诊股
比亚迪KDJ怎么看,技术面诊股
贵州茅台KDJ怎么看,技术面诊股
立讯精密均线多头排列怎么看,技术面诊股
比亚迪KDJ怎么看,技术面诊股
隆基绿能MACD怎么看,技术面诊股
五粮液均线多头排列怎么看,技术面诊股
比亚迪RSI怎么看,技术面诊股
五粮液MACD怎么看,技术面诊股
中芯国际均线多头排列怎么看,技术面诊股
中芯国际均线多头排列怎么看,技术面诊股
贵州茅台均线多头排列怎么看,技术面诊股
立讯精密均线多头排列怎么看,技术面诊股
海康威视MACD怎么看,技术面诊股
宁德时代KDJ怎么看,技术面诊股
宁德时代MACD怎么看,技术面诊股
东方财富KDJ怎么看,技术面诊股
比亚迪MACD怎么看,技术面诊股
比亚迪KDJ怎么看,技术面诊股
海康威视MACD怎么看,技术面诊股
隆基绿能RSI怎么看,技术面诊股
贵州茅台MACD怎么看,技术面诊股
中芯国际RSI怎么看,技术面诊股
贵州茅台KDJ怎么看,技术面诊股
东方财富MACD怎么看,技术面诊股
五粮液均线多头排列怎么看,技术面诊股
五粮液均线多头排列怎么看,技术面诊股
贵州茅台KDJ怎么看,技术面诊股
立讯精密KDJ怎么看,技术面诊股
隆基绿能KDJ怎么看,技术面诊股
立讯精密MACD怎么看,技术面诊股
五粮液KDJ怎么看,技术面诊股
宁德时代KDJ怎么看,技术面诊股
立讯精密MACD怎么看,技术面诊股
比亚迪均线多头排列怎么看,技术面诊股
中芯国际RSI怎么看,技术面诊股
宁德时代RSI怎么看,技术面诊股
隆基绿能KDJ怎么看,技术面诊股
东方财富MACD怎么看,技术面诊股
比亚迪KDJ怎么看,技术面诊股
五粮液RSI怎么看,技术面诊股
贵州茅台均线多头排列怎么看,技术面诊股
中芯国际均线多头排列怎么看,技术面诊股
东方财富RSI怎么看,技术面诊股
东方财富KDJ怎么看,技术面诊股
宁德时代RSI怎么看,技术面诊股
海康威视MACD怎么看,技术面诊股
宁德时代KDJ怎么看,技术面诊股
中芯国际RSI怎么看,技术面诊股
立讯精密均线多头排列怎么看,技术面诊股
五粮液MACD怎么看,技术面诊股
立讯精密MACD怎么看,技术面诊股
立讯精密KDJ怎么看,技术面诊股
立讯精密MACD怎么看,技术面诊股
贵州茅台KDJ怎么看,技术面诊股
五粮液MACD怎么看,技术面诊股
立讯精密RSI怎么看,技术面诊股
东方财富RSI怎么看,技术面诊股
立讯精密RSI怎么看,技术面诊股
海康威视均线多头排列怎么看,技术面诊股
贵州茅台RSI怎么看,技术面诊股
宁德时代RSI怎么看,技术面诊股
宁德时代RSI怎么看,技术面诊股
贵州茅台均线多头排列怎么看,技术面诊股
中芯国际均线多头排列怎么看,技术面诊股
立讯精密KDJ怎么看,技术面诊股
五粮液RSI怎么看,技术面诊股
隆基绿能KDJ怎么看,技术面诊股
中芯国际MACD怎么看,技术面诊股
东方财富KDJ怎么看,技术面诊股
中芯国际MACD怎么看,技术面诊股
海康威视KDJ怎么看,技术面诊股
比亚迪RSI怎么看,技术面诊股
五粮液MACD怎么看,技术面诊股
东方财富MACD怎么看,技术面诊股
宁德时代MACD怎么看,技术面诊股
比亚迪MACD怎么看,技术面诊股
东方财富均线多头排列怎么看,技术面诊股
东方财富MACD怎么看,技术面诊股
比亚迪MACD怎么看,技术面诊股
比亚迪RSI怎么看,技术面诊股
贵州茅台MACD怎么看,技术面诊股
比亚迪MACD怎么看,技术面诊股
宁德时代KDJ怎么看,技术面诊股
隆基绿能RSI怎么看,技术面诊股
宁德时代均线多头排列怎么看,技术面诊股
宁德时代RSI怎么看,技术面诊股
比亚迪均线多头排列怎么看,技术面诊股
中芯国际MACD怎么看,技术面诊股
贵州茅台KDJ怎么看,技术面诊股
中芯国际KDJ怎么看,技术面诊股
比亚迪RSI怎么看,技术面诊股
东方财富RSI怎么看,技术面诊股
海康威视均线多头排列怎么看,技术面诊股
海康威视KDJ怎么看,技术面诊股
宁德时代均线多头排列怎么看,技术面诊股
海康威视MACD怎么看,技术面诊股
宁德时代KDJ怎么看,技术面诊股
宁德时代RSI怎么看,技术面诊股
宁德时代RSI怎么看,技术面诊股
隆基绿能KDJ怎么看,技术面诊股
五粮液RSI怎么看,技术面诊股
宁德时代均线多头排列怎么看,技术面诊股
东方财富RSI怎么看,技术面诊股
比亚迪均线多头排列怎么看,技术面诊股
中芯国际均线多头排列怎么看,技术面诊股
隆基绿能RSI怎么看,技术面诊股
立讯精密MACD怎么看,技术面诊股
隆基绿能均线多头排列怎么看,技术面诊股
隆基绿能MACD怎么看,技术面诊股
贵州茅台均线多头排列怎么看,技术面诊股
贵州茅台RSI怎么看,技术面诊股
宁德时代均线多头排列怎么看,技术面诊股
中芯国际KDJ怎么看,技术面诊股
宁德时代均线多头排列怎么看,技术面诊股
中芯国际RSI怎么看,技术面诊股
比亚迪RSI怎么看,技术面诊股
五粮液MACD怎么看,技术面诊股
东方财富MACD怎么看,技术面诊股
贵州茅台均线多头排列怎么看,技术面诊股
比亚迪均线多头排列怎么看,技术面诊股
比亚迪均线多头排列怎么看,技术面诊股
东方财富MACD怎么看,技术面诊股
中芯国际RSI怎么看,技术面诊股
贵州茅台均线多头排列怎么看,技术面诊股
立讯精密均线多头排列怎么看,技术面诊股
贵州茅台均线多头排列怎么看,技术面诊股
东方财富均线多头排列怎么看,技术面诊股
海康威视RSI怎么看,技术面诊股
五粮液RSI怎么看,技术面诊股
中芯国际RSI怎么看,技术面诊股
立讯精密均线多头排列怎么看,技术面诊股
中芯国际KDJ怎么看,技术面诊股
贵州茅台RSI怎么看,技术面诊股
东方财富RSI怎么看,技术面诊股
中芯国际均线多头排列怎么看,技术面诊股
比亚迪均线多头排列怎么看,技术面诊股
海康威视KDJ怎么看,技术面诊股
隆基绿能均线多头排列怎么看,技术面诊股
比亚迪RSI怎么看,技术面诊股
海康威视MACD怎么看,技术面诊股
中芯国际MACD怎么看,技术面诊股
海康威视KDJ怎么看,技术面诊股
比亚迪MACD怎么看,技术面诊股
海康威视最近有什么利好消息,消息面诊股
东方财富最近有什么利好消息,消息面诊股
东方财富最近有什么利好消息,消息面诊股
隆基绿能最近有什么利好消息,消息面诊股
东方财富最近有什么利好消息,消息面诊股
贵州茅台最近有什么利好消息,消息面诊股
海康威视最近有什么利好消息,消息面诊股
贵州茅台最近有什么利好消息,消息面诊股
隆基绿能最近有什么利好消息,消息面诊股
宁德时代最近有什么利好消息,消息面诊股
宁德时代最近有什么利好消息,消息面诊股
比亚迪最近有什么利好消息,消息面诊股
立讯精密最近有什么利好消息,消息面诊股
东方财富最近有什么利好消息,消息面诊股
海康威视最近有什么利好消息,消息面诊股
海康威视最近有什么利好消息,消息面诊股
东方财富最近有什么利好消息,消息面诊股
贵州茅台最近有什么利好消息,消息面诊股
五粮液最近有什么利好消息,消息面诊股
隆基绿能最近有什么利好消息,消息面诊股
海康威视最近有什么利好消息,消息面诊股
立讯精密最近有什么利好消息,消息面诊股
贵州茅台最近有什么利好消息,消息面诊股
比亚迪最近有什么利好消息,消息面诊股
中芯国际最近有什么利好消息,消息面诊股
比亚迪最近有什么利好消息,消息面诊股
五粮液最近有什么利好消息,消息面诊股
宁德时代最近有什么利好消息,消息面诊股
海康威视最近有什么利好消息,消息面诊股
五粮液最近有什么利好消息,消息面诊股
立讯精密最近有什么利好消息,消息面诊股
宁德时代最近有什么利好消息,消息面诊股
比亚迪最近有什么利好消息,消息面诊股
五粮液最近有什么利好消息,消息面诊股
比亚迪最近有什么利好消息,消息面诊股
海康威视最近有什么利好消息,消息面诊股
立讯精密最近有什么利好消息,消息面诊股
中芯国际最近有什么利好消息,消息面诊股
宁德时代最近有什么利好消息,消息面诊股
中芯国际最近有什么利好消息,消息面诊股
五粮液最近有什么利好消息,消息面诊股
立讯精密最近有什么利好消息,消息面诊股
宁德时代最近有什么利好消息,消息面诊股
海康威视最近有什么利好消息,消息面诊股
东方财富最近有什么利好消息,消息面诊股
隆基绿能最近有什么利好消息,消息面诊股
比亚迪最近有什么利好消息,消息面诊股
隆基绿能最近有什么利好消息,消息面诊股
立讯精密最近有什么利好消息,消息面诊股
贵州茅台最近有什么利好消息,消息面诊股
隆基绿能最近有什么利好消息,消息面诊股
海康威视最近有什么利好消息,消息面诊股
海康威视最近有什么利好消息,消息面诊股
中芯国际最近有什么利好消息,消息面诊股
五粮液最近有什么利好消息,消息面诊股
贵州茅台最近有什么利好消息,消息面诊股
五粮液最近有什么利好消息,消息面诊股
贵州茅台最近有什么利好消息,消息面诊股
贵州茅台最近有什么利好消息,消息面诊股
中芯国际最近有什么利好消息,消息面诊股
立讯精密最近有什么利好消息,消息面诊股
隆基绿能最近有什么利好消息,消息面诊股
五粮液最近有什么利好消息,消息面诊股
比亚迪最近有什么利好消息,消息面诊股
立讯精密最近有什么利好消息,消息面诊股
贵州茅台最近有什么利好消息,消息面诊股
贵州茅台最近有什么利好消息,消息面诊股
中芯国际最近有什么利好消息,消息面诊股
隆基绿能最近有什么利好消息,消息面诊股
贵州茅台最近有什么利好消息,消息面诊股
贵州茅台最近有什么利好消息,消息面诊股
五粮液最近有什么利好消息,消息面诊股
五粮液最近有什么利好消息,消息面诊股
海康威视最近有什么利好消息,消息面诊股
中芯国际最近有什么利好消息,消息面诊股
立讯精密最近有什么利好消息,消息面诊股
立讯精密最近有什么利好消息,消息面诊股
中芯国际最近有什么利好消息,消息面诊股
宁德时代最近有什么利好消息,消息面诊股
隆基绿能最近有什么利好消息,消息面诊股
立讯精密最近有什么利好消息,消息面诊股
五粮液最近有什么利好消息,消息面诊股
立讯精密最近有什么利好消息,消息面诊股
比亚迪最近有什么利好消息,消息面诊股
隆基绿能最近有什么利好消息,消息面诊股
五粮液最近有什么利好消息,消息面诊股
中芯国际最近有什么利好消息,消息面诊股
比亚迪最近有什么利好消息,消息面诊股
隆基绿能最近有什么利好消息,消息面诊股
立讯精密最近有什么利好消息,消息面诊股
贵州茅台最近有什么利好消息,消息面诊股
东方财富最近有什么利好消息,消息面诊股
比亚迪最近有什么利好消息,消息面诊股
东方财富最近有什么利好消息,消息面诊股
中芯国际最近有什么利好消息,消息面诊股
东方财富最近有什么利好消息,消息面诊股
海康威视最近有什么利好消息,消息面诊股
中芯国际最近有什么利好消息,消息面诊股
立讯精密最近有什么利好消息,消息面诊股
中芯国际最近有什么利好消息,消息面诊股
立讯精密最近有什么利好消息,消息面诊股
隆基绿能最近有什么利好消息,消息面诊股
海康威视最近有什么利好消息,消息面诊股
宁德时代最近有什么利好消息,消息面诊股
中芯国际最近有什么利好消息,消息面诊股
宁德时代最近有什么利好消息,消息面诊股
贵州茅台最近有什么利好消息,消息面诊股
隆基绿能最近有什么利好消息,消息面诊股
东方财富最近有什么利好消息,消息面诊股
立讯精密最近有什么利好消息,消息面诊股
比亚迪最近有什么利好消息,消息面诊股
海康威视最近有什么利好消息,消息面诊股
海康威视最近有什么利好消息,消息面诊股
东方财富最近有什么利好消息,消息面诊股
立讯精密最近有什么利好消息,消息面诊股
比亚迪最近有什么利好消息,消息面诊股
立讯精密最近有什么利好消息,消息面诊股
隆基绿能最近有什么利好消息,消息面诊股
海康威视最近有什么利好消息,消息面诊股
五粮液最近有什么利好消息,消息面诊股
比亚迪最近有什么利好消息,消息面诊股
东方财富最近有什么利好消息,消息面诊股
宁德时代最近有什么利好消息,消息面诊股
中芯国际最近有什么利好消息,消息面诊股
海康威视最近有什么利好消息,消息面诊股
海康威视最近有什么利好消息,消息面诊股
海康威视最近有什么利好消息,消息面诊股
中芯国际最近有什么利好消息,消息面诊股
隆基绿能最近有什么利好消息,消息面诊股
海康威视最近有什么利好消息,消息面诊股
海康威视最近有什么利好消息,消息面诊股
中芯国际最近有什么利好消息,消息面诊股
海康威视最近有什么利好消息,消息面诊股
五粮液最近有什么利好消息,消息面诊股
中芯国际最近有什么利好消息,消息面诊股
宁德时代最近有什么利好消息,消息面诊股
海康威视最近有什么利好消息,消息面诊股
东方财富最近有什么利好消息,消息面诊股
比亚迪最近有什么利好消息,消息面诊股
海康威视最近有什么利好消息,消息面诊股
比亚迪最近有什么利好消息,消息面诊股
隆基绿能最近有什么利好消息,消息面诊股
五粮液最近有什么利好消息,消息面诊股
宁德时代最近有什么利好消息,消息面诊股
比亚迪最近有什么利好消息,消息面诊股
立讯精密最近有什么利好消息,消息面诊股
贵州茅台最近有什么利好消息,消息面诊股
贵州茅台最近有什么利好消息,消息面诊股
中芯国际最近有什么利好消息,消息面诊股
中芯国际最近有什么利好消息,消息面诊股
中芯国际最近有什么利好消息,消息面诊股
中芯国际最近有什么利好消息,消息面诊股
比亚迪最近有什么利好消息,消息面诊股
宁德时代最近有什么利好消息,消息面诊股
隆基绿能最近有什么利好消息,消息面诊股
中芯国际最近有什么利好消息,消息面诊股
海康威视最近有什么利好消息,消息面诊股
贵州茅台最近有什么利好消息,消息面诊股
海康威视最近有什么利好消息,消息面诊股
宁德时代最近有什么利好消息,消息面诊股
五粮液最近有什么利好消息,消息面诊股
比亚迪最近有什么利好消息,消息面诊股
立讯精密最近有什么利好消息,消息面诊股
贵州茅台最近有什么利好消息,消息面诊股
立讯精密最近有什么利好消息,消息面诊股
五粮液最近有什么利好消息,消息面诊股
隆基绿能最近有什么利好消息,消息面诊股
宁德时代最近有什么利好消息,消息面诊股
海康威视最近有什么利好消息,消息面诊股
中芯国际最近有什么利好消息,消息面诊股
东方财富最近有什么利好消息,消息面诊股
海康威视最近有什么利好消息,消息面诊股
隆基绿能最近有什么利好消息,消息面诊股
东方财富最近有什么利好消息,消息面诊股
立讯精密最近有什么利好消息,消息面诊股
贵州茅台最近有什么利好消息,消息面诊股
贵州茅台最近有什么利好消息,消息面诊股
宁德时代最近有什么利好消息,消息面诊股
比亚迪最近有什么利好消息,消息面诊股
宁德时代最近有什么利好消息,消息面诊股
隆基绿能最近有什么利好消息,消息面诊股
宁德时代最近有什么利好消息,消息面诊股
五粮液最近有什么利好消息,消息面诊股
海康威视最近有什么利好消息,消息面诊股
隆基绿能最近有什么利好消息,消息面诊股
东方财富最近有什么利好消息,消息面诊股
中芯国际最近有什么利好消息,消息面诊股
贵州茅台最近有什么利好消息,消息面诊股
海康威视最近有什么利好消息,消息面诊股
五粮液最近有什么利好消息,消息面诊股
五粮液最近有什么利好消息,消息面诊股
中芯国际最近有什么利好消息,消息面诊股
贵州茅台最近有什么利好消息,消息面诊股
中芯国际最近有什么利好消息,消息面诊股
贵州茅台最近有什么利好消息,消息面诊股
五粮液最近有什么利好消息,消息面诊股
立讯精密最近有什么利好消息,消息面诊股
隆基绿能最近有什么利好消息,消息面诊股
东方财富最近有什么利好消息,消息面诊股
贵州茅台最近有什么利好消息,消息面诊股
比亚迪最近有什么利好消息,消息面诊股
立讯精密最近有什么利好消息,消息面诊股
东方财富最近有什么利好消息,消息面诊股
比亚迪最近有什么利好消息,消息面诊股
海康威视最近有什么利好消息,消息面诊股
中芯国际最近有什么利好消息,消息面诊股
贵州茅台最近有什么利好消息,消息面诊股
五粮液最近有什么利好消息,消息面诊股
五粮液最近有什么利好消息,消息面诊股
海康威视最近有什么利好消息,消息面诊股
立讯精密最近有什么利好消息,消息面诊股
贵州茅台最近有什么利好消息,消息面诊股
宁德时代最近有什么利好消息,消息面诊股
东方财富最近有什么利好消息,消息面诊股
立讯精密最近有什么利好消息,消息面诊股
宁德时代最近有什么利好消息,消息面诊股
海康威视最近有什么利好消息,消息面诊股
比亚迪最近有什么利好消息,消息面诊股
宁德时代最近有什么利好消息,消息面诊股
贵州茅台最近有什么利好消息,消息面诊股
比亚迪最近有什么利好消息,消息面诊股
东方财富最近有什么利好消息,消息面诊股
宁德时代最近有什么利好消息,消息面诊股
宁德时代最近有什么利好消息,消息面诊股
隆基绿能最近有什么利好消息,消息面诊股
海康威视最近有什么利好消息,消息面诊股
东方财富最近有什么利好消息,消息面诊股
中芯国际最近有什么利好消息,消息面诊股
宁德时代最近有什么利好消息,消息面诊股
宁德时代最近有什么利好消息,消息面诊股
中芯国际最近有什么利好消息,消息面诊股
立讯精密最近有什么利好消息,消息面诊股
宁德时代最近有什么利好消息,消息面诊股
东方财富最近有什么利好消息,消息面诊股
立讯精密最近有什么利好消息,消息面诊股
东方财富最近有什么利好消息,消息面诊股
立讯精密最近有什么利好消息,消息面诊股
比亚迪最近有什么利好消息,消息面诊股
比亚迪最近有什么利好消息,消息面诊股
隆基绿能最近有什么利好消息,消息面诊股
五粮液最近有什么利好消息,消息面诊股
东方财富最近有什么利好消息,消息面诊股
中芯国际最近有什么利好消息,消息面诊股
比亚迪最近有什么利好消息,消息面诊股
立讯精密最近有什么利好消息,消息面诊股
中芯国际最近有什么利好消息,消息面诊股
五粮液最近有什么利好消息,消息面诊股
东方财富最近有什么利好消息,消息面诊股
五粮液最近有什么利好消息,消息面诊股
立讯精密最近有什么利好消息,消息面诊股
贵州茅台最近有什么利好消息,消息面诊股
比亚迪最近有什么利好消息,消息面诊股
海康威视最近有什么利好消息,消息面诊股
宁德时代最近有什么利好消息,消息面诊股
东方财富最近有什么利好消息,消息面诊股
海康威视最近有什么利好消息,消息面诊股
隆基绿能最近有什么利好消息,消息面诊股
东方财富最近有什么利好消息,消息面诊股
东方财富最近有什么利好消息,消息面诊股
比亚迪最近有什么利好消息,消息面诊股
隆基绿能最近有什么利好消息,消息面诊股
比亚迪最近有什么利好消息,消息面诊股
比亚迪最近有什么利好消息,消息面诊股
宁德时代最近有什么利好消息,消息面诊股
比亚迪最近有什么利好消息,消息面诊股
比亚迪最近有什么利好消息,消息面诊股
东方财富最近有什么利好消息,消息面诊股
立讯精密最近有什么利好消息,消息面诊股
比亚迪最近有什么利好消息,消息面诊股
贵州茅台最近有什么利好消息,消息面诊股
隆基绿能最近有什么利好消息,消息面诊股
中芯国际最近有什么利好消息,消息面诊股
东方财富最近有什么利好消息,消息面诊股
贵州茅台最近有什么利好消息,消息面诊股
东方财富最近有什么利好消息,消息面诊股
中芯国际最近有什么利好消息,消息面诊股
海康威视最近有什么利好消息,消息面诊股
比亚迪最近有什么利好消息,消息面诊股
中芯国际最近有什么利好消息,消息面诊股
贵州茅台最近有什么利好消息,消息面诊股
东方财富最近有什么利好消息,消息面诊股
海康威视最近有什么利好消息,消息面诊股
东方财富最近有什么利好消息,消息面诊股
隆基绿能最近有什么利好消息,消息面诊股
贵州茅台最近有什么利好消息,消息面诊股
东方财富最近有什么利好消息,消息面诊股
东方财富最近有什么利好消息,消息面诊股
中芯国际最近有什么利好消息,消息面诊股
隆基绿能最近有什么利好消息,消息面诊股
中芯国际最近有什么利好消息,消息面诊股
贵州茅台最近有什么利好消息,消息面诊股
贵州茅台最近有什么利好消息,消息面诊股
海康威视最近有什么利好消息,消息面诊股
海康威视最近有什么利好消息,消息面诊股
海康威视最近有什么利好消息,消息面诊股
宁德时代最近有什么利好消息,消息面诊股
东方财富最近有什么利好消息,消息面诊股
五粮液最近有什么利好消息,消息面诊股
东方财富最近有什么利好消息,消息面诊股
贵州茅台最近有什么利好消息,消息面诊股
中芯国际最近有什么利好消息,消息面诊股
中芯国际最近有什么利好消息,消息面诊股
中芯国际最近有什么利好消息,消息面诊股
五粮液最近有什么利好消息,消息面诊股
东方财富最近有什么利好消息,消息面诊股
宁德时代最近有什么利好消息,消息面诊股
宁德时代最近有什么利好消息,消息面诊股
东方财富最近有什么利好消息,消息面诊股
隆基绿能最近有什么利好消息,消息面诊股
宁德时代最近有什么利好消息,消息面诊股
中芯国际最近有什么利好消息,消息面诊股
东方财富最近有什么利好消息,消息面诊股
海康威视最近有什么利好消息,消息面诊股
隆基绿能最近有什么利好消息,消息面诊股
贵州茅台最近有什么利好消息,消息面诊股
五粮液最近有什么利好消息,消息面诊股
五粮液最近有什么利好消息,消息面诊股
五粮液最近有什么利好消息,消息面诊股
东方财富最近有什么利好消息,消息面诊股
贵州茅台最近有什么利好消息,消息面诊股
东方财富最近有什么利好消息,消息面诊股
东方财富最近有什么利好消息,消息面诊股
五粮液最近有什么利好消息,消息面诊股
宁德时代最近有什么利好消息,消息面诊股
立讯精密最近有什么利好消息,消息面诊股
海康威视最近有什么利好消息,消息面诊股
贵州茅台最近有什么利好消息,消息面诊股
隆基绿能最近有什么利好消息,消息面诊股
宁德时代最近有什么利好消息,消息面诊股
五粮液最近有什么利好消息,消息面诊股
立讯精密最近有什么利好消息,消息面诊股
东方财富最近有什么利好消息,消息面诊股
中芯国际最近有什么利好消息,消息面诊股
东方财富最近有什么利好消息,消息面诊股
海康威视最近有什么利好消息,消息面诊股
东方财富最近有什么利好消息,消息面诊股
中芯国际最近有什么利好消息,消息面诊股
东方财富最近有什么利好消息,消息面诊股
隆基绿能最近有什么利好消息,消息面诊股
立讯精密最近有什么利好消息,消息面诊股
贵州茅台最近有什么利好消息,消息面诊股
比亚迪最近有什么利好消息,消息面诊股
海康威视最近有什么利好消息,消息面诊股
中芯国际最近有什么利好消息,消息面诊股
海康威视最近有什么利好消息,消息面诊股
海康威视最近有什么利好消息,消息面诊股
立讯精密最近有什么利好消息,消息面诊股
中芯国际最近有什么利好消息,消息面诊股
东方财富最近有什么利好消息,消息面诊股
立讯精密最近有什么利好消息,消息面诊股
中芯国际最近有什么利好消息,消息面诊股
中芯国际最近有什么利好消息,消息面诊股
宁德时代最近有什么利好消息,消息面诊股
比亚迪最近有什么利好消息,消息面诊股
隆基绿能最近有什么利好消息,消息面诊股
海康威视最近有什么利好消息,消息面诊股
宁德时代最近有什么利好消息,消息面诊股
中芯国际最近有什么利好消息,消息面诊股
比亚迪最近有什么利好消息,消息面诊股
东方财富最近有什么利好消息,消息面诊股
五粮液最近有什么利好消息,消息面诊股
立讯精密最近有什么利好消息,消息面诊股
东方财富最近有什么利好消息,消息面诊股
隆基绿能最近有什么利好消息,消息面诊股
隆基绿能最近有什么利好消息,消息面诊股
五粮液最近有什么利好消息,消息面诊股
隆基绿能最近有什么利好消息,消息面诊股
中芯国际最近有什么利好消息,消息面诊股
隆基绿能最近有什么利好消息,消息面诊股
宁德时代最近有什么利好消息,消息面诊股
立讯精密最近有什么利好消息,消息面诊股
海康威视最近有什么利好消息,消息面诊股
东方财富最近有什么利好消息,消息面诊股
贵州茅台最近有什么利好消息,消息面诊股
立讯精密最近有什么利好消息,消息面诊股
宁德时代最近有什么利好消息,消息面诊股
隆基绿能最近有什么利好消息,消息面诊股
立讯精密最近有什么利好消息,消息面诊股
东方财富最近有什么利好消息,消息面诊股
立讯精密最近有什么利好消息,消息面诊股
贵州茅台最近有什么利好消息,消息面诊股
隆基绿能最近有什么利好消息,消息面诊股
隆基绿能最近有什么利好消息,消息面诊股
立讯精密最近有什么利好消息,消息面诊股
宁德时代最近有什么利好消息,消息面诊股
宁德时代最近有什么利好消息,消息面诊股
隆基绿能最近有什么利好消息,消息面诊股
立讯精密最近有什么利好消息,消息面诊股
比亚迪最近有什么利好消息,消息面诊股
海康威视最近有什么利好消息,消息面诊股
贵州茅台最近有什么利好消息,消息面诊股
宁德时代最近有什么利好消息,消息面诊股
中芯国际最近有什么利好消息,消息面诊股
五粮液最近有什么利好消息,消息面诊股
比亚迪最近有什么利好消息,消息面诊股
中芯国际最近有什么利好消息,消息面诊股
五粮液最近有什么利好消息,消息面诊股
贵州茅台最近有什么利好消息,消息面诊股
隆基绿能最近有什么利好消息,消息面诊股
贵州茅台最近有什么利好消息,消息面诊股
海康威视最近有什么利好消息,消息面诊股
隆基绿能最近有什么利好消息,消息面诊股
立讯精密最近有什么利好消息,消息面诊股
贵州茅台最近有什么利好消息,消息面诊股
贵州茅台最近有什么利好消息,消息面诊股
贵州茅台最近有什么利好消息,消息面诊股
比亚迪最近有什么利好消息,消息面诊股
隆基绿能最近有什么利好消息,消息面诊股
隆基绿能最近有什么利好消息,消息面诊股
海康威视最近有什么利好消息,消息面诊股
立讯精密最近有什么利好消息,消息面诊股
比亚迪最近有什么利好消息,消息面诊股
贵州茅台最近有什么利好消息,消息面诊股
隆基绿能最近有什么利好消息,消息面诊股
五粮液最近有什么利好消息,消息面诊股
比亚迪最近有什么利好消息,消息面诊股
立讯精密最近有什么利好消息,消息面诊股
比亚迪最近有什么利好消息,消息面诊股
宁德时代最近有什么利好消息,消息面诊股
隆基绿能最近有什么利好消息,消息面诊股
隆基绿能最近有什么利好消息,消息面诊股
贵州茅台最近有什么利好消息,消息面诊股
贵州茅台最近有什么利好消息,消息面诊股
立讯精密最近有什么利好消息,消息面诊股
五粮液最近有什么利好消息,消息面诊股
海康威视最近有什么利好消息,消息面诊股
中芯国际最近有什么利好消息,消息面诊股
隆基绿能最近有什么利好消息,消息面诊股
隆基绿能最近有什么利好消息,消息面诊股
比亚迪最近有什么利好消息,消息面诊股
贵州茅台最近有什么利好消息,消息面诊股
贵州茅台最近有什么利好消息,消息面诊股
宁德时代最近有什么利好消息,消息面诊股
宁德时代最近有什么利好消息,消息面诊股
五粮液最近有什么利好消息,消息面诊股
隆基绿能最近有什么利好消息,消息面诊股
宁德时代最近有什么利好消息,消息面诊股
贵州茅台最近有什么利好消息,消息面诊股
海康威视最近有什么利好消息,消息面诊股
贵州茅台最近有什么利好消息,消息面诊股
立讯精密最近有什么利好消息,消息面诊股
贵州茅台最近有什么利好消息,消息面诊股
海康威视最近有什么利好消息,消息面诊股
贵州茅台最近有什么利好消息,消息面诊股
宁德时代最近有什么利好消息,消息面诊股
比亚迪最近有什么利好消息,消息面诊股
海康威视最近有什么利好消息,消息面诊股
比亚迪最近有什么利好消息,消息面诊股
立讯精密最近有什么利好消息,消息面诊股
五粮液最近有什么利好消息,消息面诊股
贵州茅台最近有什么利好消息,消息面诊股
海康威视最近有什么利好消息,消息面诊股
海康威视最近有什么利好消息,消息面诊股
五粮液最近有什么利好消息,消息面诊股
中芯国际最近有什么利好消息,消息面诊股
比亚迪最近有什么利好消息,消息面诊股
五粮液最近有什么利好消息,消息面诊股
海康威视最近有什么利好消息,消息面诊股
比亚迪最近有什么利好消息,消息面诊股
东方财富最近有什么利好消息,消息面诊股
海康威视最近有什么利好消息,消息面诊股
立讯精密最近有什么利好消息,消息面诊股
隆基绿能最近有什么利好消息,消息面诊股
宁德时代最近有什么利好消息,消息面诊股
中芯国际最近有什么利好消息,消息面诊股
宁德时代最近有什么利好消息,消息面诊股
五粮液最近有什么利好消息,消息面诊股
中芯国际最近有什么利好消息,消息面诊股
贵州茅台最近有什么利好消息,消息面诊股
隆基绿能最近有什么利好消息,消息面诊股
中芯国际最近有什么利好消息,消息面诊股
宁德时代最近有什么利好消息,消息面诊股
宁德时代最近有什么利好消息,消息面诊股
比亚迪最近有什么利好消息,消息面诊股
贵州茅台最近有什么利好消息,消息面诊股
贵州茅台最近有什么利好消息,消息面诊股
五粮液最近有什么利好消息,消息面诊股
五粮液最近有什么利好消息,消息面诊股
贵州茅台最近有什么利好消息,消息面诊股
中芯国际最近有什么利好消息,消息面诊股
立讯精密最近有什么利好消息,消息面诊股
贵州茅台最近有什么利好消息,消息面诊股
宁德时代最近有什么利好消息,消息面诊股
宁德时代最近有什么利好消息,消息面诊股
比亚迪最近有什么利好消息,消息面诊股
海康威视最近有什么利好消息,消息面诊股
东方财富最近有什么利好消息,消息面诊股
中芯国际最近有什么利好消息,消息面诊股
比亚迪最近有什么利好消息,消息面诊股
贵州茅台最近有什么利好消息,消息面诊股
东方财富最近有什么利好消息,消息面诊股
海康威视最近有什么利好消息,消息面诊股
中芯国际最近有什么利好消息,消息面诊股
中芯国际最近有什么利好消息,消息面诊股
立讯精密最近有什么利好消息,消息面诊股
贵州茅台最近有什么利好消息,消息面诊股
宁德时代最近有什么利好消息,消息面诊股
中芯国际最近有什么利好消息,消息面诊股
东方财富最近有什么利好消息,消息面诊股
中芯国际最近有什么利好消息,消息面诊股
比亚迪近3月涨幅分析,涨跌分析
隆基绿能近3月市净率分析,涨跌分析
海康威视今年以来主力资金净流入分析,涨跌分析
海康威视今年以来股东增长率分析,涨跌分析
东方财富今年以来市盈率分析,涨跌分析
中芯国际近3月市净率分析,涨跌分析
隆基绿能近1月主力资金净流入分析,涨跌分析
宁德时代近半年市盈率分析,涨跌分析
宁德时代近半年涨幅分析,涨跌分析
隆基绿能近1月市净率分析,涨跌分析
贵州茅台近半年股东增长率分析,涨跌分析
五粮液近半年市净率分析,涨跌分析
海康威视近1月市净率分析,涨跌分析
中芯国际近半年股东增长率分析,涨跌分析
中芯国际近3月成交量分析,涨跌分析
立讯精密近3月市净率分析,涨跌分析
隆基绿能近半年成交量分析,涨跌分析
立讯精密今年以来市净率分析,涨跌分析
隆基绿能近1月涨幅分析,涨跌分析
宁德时代今年以来市净率分析,涨跌分析
中芯国际近1月涨幅分析,涨跌分析
五粮液近3月涨幅分析,涨跌分析
宁德时代近半年涨幅分析,涨跌分析
隆基绿能近3月市净率分析,涨跌分析
贵州茅台近3月涨幅分析,涨跌分析
海康威视今年以来市净率分析,涨跌分析
比亚迪今年以来市盈率分析,涨跌分析
隆基绿能近1月涨幅分析,涨跌分析
贵州茅台近半年涨幅分析,涨跌分析
立讯精密近3月股东增长率分析,涨跌分析
立讯精密今年以来涨幅分析,涨跌分析
海康威视近1月市净率分析,涨跌分析
隆基绿能近1月涨幅分析,涨跌分析
隆基绿能近1月主力资金净流入分析,涨跌分析
东方财富近半年涨幅分析,涨跌分析
海康威视近半年主力资金净流入分析,涨跌分析
东方财富近3月市净率分析,涨跌分析
贵州茅台近3月市盈率分析,涨跌分析
海康威视近半年成交量分析,涨跌分析
比亚迪近半年成交量分析,涨跌分析
比亚迪近半年主力资金净流入分析,涨跌分析
隆基绿能今年以来主力资金净流入分析,涨跌分析
比亚迪近3月市净率分析,涨跌分析
五粮液近3月成交量分析,涨跌分析
海康威视今年以来涨幅分析,涨跌分析
中芯国际近半年市盈率分析,涨跌分析
海康威视近半年股东增长率分析,涨跌分析
立讯精密近1月市盈率分析,涨跌分析
立讯精密近1月市净率分析,涨跌分析
五粮液近1月涨幅分析,涨跌分析
中芯国际近3月市净率分析,涨跌分析
贵州茅台近1月市净率分析,涨跌分析
宁德时代近3月成交量分析,涨跌分析
隆基绿能近半年涨幅分析,涨跌分析
宁德时代近1月市净率分析,涨跌分析
海康威视今年以来涨幅分析,涨跌分析
隆基绿能近3月涨幅分析,涨跌分析
东方财富近半年股东增长率分析,涨跌分析
五粮液近1月股东增长率分析,涨跌分析
东方财富近半年涨幅分析,涨跌分析
宁德时代近1月涨幅分析,涨跌分析
中芯国际近1月成交量分析,涨跌分析
五粮液近1月主力资金净流入分析,涨跌分析
贵州茅台近1月成交量分析,涨跌分析
比亚迪今年以来主力资金净流入分析,涨跌分析
五粮液今年以来主力资金净流入分析,涨跌分析
海康威视近半年成交量分析,涨跌分析
隆基绿能近3月市净率分析,涨跌分析
贵州茅台近1月市盈率分析,涨跌分析
比亚迪近1月市净率分析,涨跌分析
贵州茅台近3月市净率分析,涨跌分析
东方财富近半年成交量分析,涨跌分析
立讯精密今年以来成交量分析,涨跌分析
东方财富近1月主力资金净流入分析,涨跌分析
五粮液近3月股东增长率分析,涨跌分析
贵州茅台今年以来涨幅分析,涨跌分析
中芯国际近1月市净率分析,涨跌分析
五粮液近1月主力资金净流入分析,涨跌分析
隆基绿能近半年市盈率分析,涨跌分析
海康威视近1月涨幅分析,涨跌分析
立讯精密近半年成交量分析,涨跌分析
中芯国际近3月成交量分析,涨跌分析
立讯精密近半年主力资金净流入分析,涨跌分析
隆基绿能近1月主力资金净流入分析,涨跌分析
隆基绿能近半年市净率分析,涨跌分析
中芯国际近3月成交量分析,涨跌分析
海康威视近1月主力资金净流入分析,涨跌分析
五粮液今年以来成交量分析,涨跌分析
比亚迪近半年市盈率分析,涨跌分析
立讯精密今年以来主力资金净流入分析,涨跌分析
海康威视近1月成交量分析,涨跌分析
贵州茅台近1月市净率分析,涨跌分析
海康威视今年以来股东增长率分析,涨跌分析
比亚迪今年以来市净率分析,涨跌分析
中芯国际近半年涨幅分析,涨跌分析
中芯国际今年以来股东增长率分析,涨跌分析
五粮液今年以来股东增长率分析,涨跌分析
东方财富近1月主力资金净流入分析,涨跌分析
比亚迪近半年市净率分析,涨跌分析
宁德时代近1月成交量分析,涨跌分析
中芯国际今年以来成交量分析,涨跌分析
立讯精密今年以来涨幅分析,涨跌分析
贵州茅台近1月市净率分析,涨跌分析
隆基绿能近1月市盈率分析,涨跌分析
贵州茅台近3月主力资金净流入分析,涨跌分析
立讯精密近3月主力资金净流入分析,涨跌分析
中芯国际今年以来股东增长率分析,涨跌分析
宁德时代近3月市盈率分析,涨跌分析
贵州茅台近1月涨幅分析,涨跌分析
比亚迪近1月市盈率分析,涨跌分析
宁德时代今年以来市净率分析,涨跌分析
海康威视近半年市盈率分析,涨跌分析
中芯国际近3月成交量分析,涨跌分析
立讯精密今年以来市净率分析,涨跌分析
五粮液近半年成交量分析,涨跌分析
海康威视近半年市盈率分析,涨跌分析
五粮液今年以来主力资金净流入分析,涨跌分析
宁德时代近3月涨幅分析,涨跌分析
东方财富近1月股东增长率分析,涨跌分析
东方财富今年以来主力资金净流入分析,涨跌分析
五粮液近3月涨幅分析,涨跌分析
中芯国际近3月股东增长率分析,涨跌分析
东方财富近半年成交量分析,涨跌分析
东方财富近1月成交量分析,涨跌分析
五粮液近3月涨幅分析,涨跌分析
比亚迪近1月成交量分析,涨跌分析
贵州茅台近半年主力资金净流入分析,涨跌分析
宁德时代近3月主力资金净流入分析,涨跌分析
东方财富近半年股东增长率分析,涨跌分析
隆基绿能今年以来成交量分析,涨跌分析
贵州茅台近1月涨幅分析,涨跌分析
中芯国际近半年市盈率分析,涨跌分析
贵州茅台近半年市净率分析,涨跌分析
五粮液近3月主力资金净流入分析,涨跌分析
比亚迪近半年主力资金净流入分析,涨跌分析
宁德时代近1月涨幅分析,涨跌分析
立讯精密今年以来市净率分析,涨跌分析
中芯国际近半年成交量分析,涨跌分析
东方财富近3月成交量分析,涨跌分析
立讯精密今年以来市净率分析,涨跌分析
东方财富近半年股东增长率分析,涨跌分析
比亚迪近3月股东增长率分析,涨跌分析
比亚迪近1月市盈率分析,涨跌分析
贵州茅台近3月涨幅分析,涨跌分析
宁德时代近1月市净率分析,涨跌分析
宁德时代近3月市盈率分析,涨跌分析
中芯国际近3月主力资金净流入分析,涨跌分析
宁德时代近1月市盈率分析,涨跌分析
立讯精密近1月市净率分析,涨跌分析
宁德时代今年以来股东增长率分析,涨跌分析
贵州茅台近1月市净率分析,涨跌分析
东方财富近3月市盈率分析,涨跌分析
宁德时代今年以来市盈率分析,涨跌分析
宁德时代近3月涨幅分析,涨跌分析
隆基绿能近半年市盈率分析,涨跌分析
宁德时代近半年主力资金净流入分析,涨跌分析
隆基绿能近1月股东增长率分析,涨跌分析
中芯国际近3月市净率分析,涨跌分析
立讯精密今年以来涨幅分析,涨跌分析
立讯精密近1月市盈率分析,涨跌分析
立讯精密今年以来成交量分析,涨跌分析
隆基绿能今年以来股东增长率分析,涨跌分析
中芯国际近3月市净率分析,涨跌分析
海康威视今年以来主力资金净流入分析,涨跌分析
宁德时代近1月市净率分析,涨跌分析
中芯国际今年以来成交量分析,涨跌分析
隆基绿能近半年股东增长率分析,涨跌分析
东方财富今年以来主力资金净流入分析,涨跌分析
立讯精密今年以来股东增长率分析,涨跌分析
宁德时代近半年股东增长率分析,涨跌分析
隆基绿能近1月市盈率分析,涨跌分析
贵州茅台近1月股东增长率分析,涨跌分析
海康威视近半年成交量分析,涨跌分析
比亚迪今年以来主力资金净流入分析,涨跌分析
贵州茅台今年以来市净率分析,涨跌分析
隆基绿能近半年成交量分析,涨跌分析
东方财富近半年市盈率分析,涨跌分析
贵州茅台近3月主力资金净流入分析,涨跌分析
贵州茅台近半年市盈率分析,涨跌分析
贵州茅台近1月股东增长率分析,涨跌分析
五粮液近3月市盈率分析,涨跌分析
隆基绿能近1月股东增长率分析,涨跌分析
海康威视今年以来成交量分析,涨跌分析
海康威视近1月市净率分析,涨跌分析
立讯精密近半年市净率分析,涨跌分析
东方财富近3月市盈率分析,涨跌分析
中芯国际近3月涨幅分析,涨跌分析
比亚迪近1月市盈率分析,涨跌分析
海康威视近半年主力资金净流入分析,涨跌分析
东方财富近1月涨幅分析,涨跌分析
立讯精密近半年市净率分析,涨跌分析
比亚迪近3月市净率分析,涨跌分析
立讯精密今年以来市盈率分析,涨跌分析
五粮液近半年主力资金净流入分析,涨跌分析
比亚迪近1月主力资金净流入分析,涨跌分析
中芯国际今年以来成交量分析,涨跌分析
宁德时代近1月市盈率分析,涨跌分析
立讯精密近1月涨幅分析,涨跌分析
海康威视近3月股东增长率分析,涨跌分析
贵州茅台今年以来市盈率分析,涨跌分析
中芯国际近3月股东增长率分析,涨跌分析
中芯国际近1月成交量分析,涨跌分析
海康威视近3月股东增长率分析,涨跌分析
贵州茅台近半年涨幅分析,涨跌分析
五粮液近半年成交量分析,涨跌分析
海康威视今年以来市净率分析,涨跌分析
隆基绿能近1月股东增长率分析,涨跌分析
五粮液近1月股东增长率分析,涨跌分析
贵州茅台近3月成交量分析,涨跌分析
比亚迪近半年市净率分析,涨跌分析
隆基绿能今年以来市净率分析,涨跌分析
比亚迪近半年成交量分析,涨跌分析
宁德时代近1月市盈率分析,涨跌分析
东方财富近1月市盈率分析,涨跌分析
贵州茅台近3月主力资金净流入分析,涨跌分析
比亚迪近半年主力资金净流入分析,涨跌分析
五粮液近半年市净率分析,涨跌分析
海康威视今年以来主力资金净流入分析,涨跌分析
海康威视近1月股东增长率分析,涨跌分析
中芯国际近半年市盈率分析,涨跌分析
贵州茅台近3月市盈率分析,涨跌分析
立讯精密近半年市净率分析,涨跌分析
隆基绿能近1月市净率分析,涨跌分析
海康威视今年以来主力资金净流入分析,涨跌分析
东方财富近1月市盈率分析,涨跌分析
立讯精密近1月主力资金净流入分析,涨跌分析
中芯国际近3月成交量分析,涨跌分析
贵州茅台近1月市净率分析,涨跌分析
隆基绿能近1月主力资金净流入分析,涨跌分析
五粮液近3月涨幅分析,涨跌分析
隆基绿能今年以来市盈率分析,涨跌分析
隆基绿能近1月股东增长率分析,涨跌分析
贵州茅台今年以来成交量分析,涨跌分析
比亚迪近半年市盈率分析,涨跌分析
东方财富近3月涨幅分析,涨跌分析
中芯国际今年以来股东增长率分析,涨跌分析
贵州茅台近半年涨幅分析,涨跌分析
立讯精密近半年市盈率分析,涨跌分析
中芯国际近3月市盈率分析,涨跌分析
海康威视今年以来市盈率分析,涨跌分析
五粮液近1月主力资金净流入分析,涨跌分析
比亚迪今年以来股东增长率分析,涨跌分析
中芯国际今年以来主力资金净流入分析,涨跌分析
东方财富近1月市盈率分析,涨跌分析
东方财富近1月股东增长率分析,涨跌分析
隆基绿能今年以来成交量分析,涨跌分析
五粮液今年以来市盈率分析,涨跌分析
海康威视近半年成交量分析,涨跌分析
海康威视近半年市盈率分析,涨跌分析
隆基绿能近3月市盈率分析,涨跌分析
海康威视近3月涨幅分析,涨跌分析
贵州茅台近3月主力资金净流入分析,涨跌分析
立讯精密近3月股东增长率分析,涨跌分析
比亚迪近3月主力资金净流入分析,涨跌分析
海康威视近1月股东增长率分析,涨跌分析
宁德时代近半年市盈率分析,涨跌分析
海康威视近半年股东增长率分析,涨跌分析
东方财富近半年涨幅分析,涨跌分析
贵州茅台近1月市净率分析,涨跌分析
五粮液今年以来涨幅分析,涨跌分析
东方财富近半年市净率分析,涨跌分析
东方财富近半年股东增长率分析,涨跌分析
立讯精密近1月市净率分析,涨跌分析
中芯国际近1月市净率分析,涨跌分析
海康威视近3月市净率分析,涨跌分析
比亚迪近半年主力资金净流入分析,涨跌分析
隆基绿能近3月市盈率分析,涨跌分析
贵州茅台今年以来主力资金净流入分析,涨跌分析
中芯国际近1月主力资金净流入分析,涨跌分析
隆基绿能今年以来市净率分析,涨跌分析
中芯国际近1月股东增长率分析,涨跌分析
贵州茅台近1月股东增长率分析,涨跌分析
海康威视近1月市盈率分析,涨跌分析
东方财富近3月市净率分析,涨跌分析
五粮液近3月主力资金净流入分析,涨跌分析
海康威视今年以来涨幅分析,涨跌分析
中芯国际近半年主力资金净流入分析,涨跌分析
东方财富近半年股东增长率分析,涨跌分析
比亚迪近半年主力资金净流入分析,涨跌分析
东方财富今年以来股东增长率分析,涨跌分析
海康威视近3月成交量分析,涨跌分析
中芯国际近半年成交量分析,涨跌分析
东方财富今年以来成交量分析,涨跌分析
宁德时代近半年涨幅分析,涨跌分析
海康威视近1月涨幅分析,涨跌分析
海康威视近3月市盈率分析,涨跌分析
隆基绿能近半年市净率分析,涨跌分析
立讯精密近3月市净率分析,涨跌分析
比亚迪今年以来涨幅分析,涨跌分析
中芯国际近3月主力资金净流入分析,涨跌分析
宁德时代近1月成交量分析,涨跌分析
立讯精密今年以来市净率分析,涨跌分析
五粮液今年以来股东增长率分析,涨跌分析
中芯国际近1月主力资金净流入分析,涨跌分析
东方财富今年以来股东增长率分析,涨跌分析
宁德时代近1月成交量分析,涨跌分析
五粮液近3月市净率分析,涨跌分析
东方财富近1月主力资金净流入分析,涨跌分析
比亚迪近1月市盈率分析,涨跌分析
立讯精密近半年成交量分析,涨跌分析
立讯精密近半年股东增长率分析,涨跌分析
宁德时代近3月成交量分析,涨跌分析
中芯国际近半年市净率分析,涨跌分析
海康威视近半年市净率分析,涨跌分析
隆基绿能近1月市盈率分析,涨跌分析
宁德时代近半年股东增长率分析,涨跌分析
东方财富近半年主力资金净流入分析,涨跌分析
中芯国际近半年市盈率分析,涨跌分析
宁德时代近1月股东增长率分析,涨跌分析
五粮液近1月市净率分析,涨跌分析
五粮液今年以来市盈率分析,涨跌分析
比亚迪近半年股东增长率分析,涨跌分析
比亚迪近1月成交量分析,涨跌分析
隆基绿能近半年股东增长率分析,涨跌分析
海康威视近3月涨幅分析,涨跌分析
比亚迪今年以来涨幅分析,涨跌分析
隆基绿能近1月涨幅分析,涨跌分析
贵州茅台今年以来股东增长率分析,涨跌分析
立讯精密近1月市盈率分析,涨跌分析
比亚迪今年以来涨幅分析,涨跌分析
东方财富近3月主力资金净流入分析,涨跌分析
五粮液近半年主力资金净流入分析,涨跌分析
隆基绿能今年以来市净率分析,涨跌分析
隆基绿能近3月股东增长率分析,涨跌分析
海康威视近1月涨幅分析,涨跌分析
比亚迪近3月市盈率分析,涨跌分析
立讯精密近1月主力资金净流入分析,涨跌分析
立讯精密今年以来股东增长率分析,涨跌分析
海康威视今年以来股东增长率分析,涨跌分析
海康威视近1月股东增长率分析,涨跌分析
东方财富近半年股东增长率分析,涨跌分析
宁德时代近3月涨幅分析,涨跌分析
贵州茅台今年以来涨幅分析,涨跌分析
东方财富近半年市盈率分析,涨跌分析
海康威视近半年成交量分析,涨跌分析
宁德时代近3月成交量分析,涨跌分析
贵州茅台近3月主力资金净流入分析,涨跌分析
中芯国际近3月涨幅分析,涨跌分析
隆基绿能近3月市盈率分析,涨跌分析
东方财富近半年市盈率分析,涨跌分析
比亚迪今年以来股东增长率分析,涨跌分析
宁德时代近半年成交量分析,涨跌分析
立讯精密近半年涨幅分析,涨跌分析
比亚迪今年以来市盈率分析,涨跌分析
海康威视近1月主力资金净流入分析,涨跌分析
中芯国际今年以来市盈率分析,涨跌分析
立讯精密今年以来涨幅分析,涨跌分析
海康威视近半年涨幅分析,涨跌分析
五粮液今年以来涨幅分析,涨跌分析
海康威视近3月成交量分析,涨跌分析
宁德时代近半年主力资金净流入分析,涨跌分析
比亚迪近1月成交量分析,涨跌分析
立讯精密近1月主力资金净流入分析,涨跌分析
宁德时代近1月成交量分析,涨跌分析
比亚迪近半年股东增长率分析,涨跌分析
贵州茅台今年以来主力资金净流入分析,涨跌分析
五粮液近1月主力资金净流入分析,涨跌分析
贵州茅台今年以来股东增长率分析,涨跌分析
宁德时代近半年股东增长率分析,涨跌分析
立讯精密近半年市盈率分析,涨跌分析
隆基绿能近1月主力资金净流入分析,涨跌分析
比亚迪近半年市净率分析,涨跌分析
东方财富近半年成交量分析,涨跌分析
立讯精密近半年主力资金净流入分析,涨跌分析
东方财富今年以来市净率分析,涨跌分析
立讯精密近3月涨幅分析,涨跌分析
立讯精密近3月涨幅分析,涨跌分析
比亚迪近1月成交量分析,涨跌分析
比亚迪近3月股东增长率分析,涨跌分析
东方财富今年以来市盈率分析,涨跌分析
中芯国际近1月成交量分析,涨跌分析
隆基绿能近1月市净率分析,涨跌分析
中芯国际近1月股东增长率分析,涨跌分析
隆基绿能近半年主力资金净流入分析,涨跌分析
立讯精密近1月成交量分析,涨跌分析
中芯国际近3月主力资金净流入分析,涨跌分析
东方财富今年以来市盈率分析,涨跌分析
五粮液今年以来市盈率分析,涨跌分析
海康威视近3月主力资金净流入分析,涨跌分析
立讯精密近3月市净率分析,涨跌分析
贵州茅台今年以来市净率分析,涨跌分析
立讯精密近半年涨幅分析,涨跌分析
比亚迪近半年股东增长率分析,涨跌分析
海康威视近3月市盈率分析,涨跌分析
中芯国际今年以来主力资金净流入分析,涨跌分析
贵州茅台今年以来涨幅分析,涨跌分析
宁德时代近3月成交量分析,涨跌分析
东方财富近半年涨幅分析,涨跌分析
比亚迪近1月主力资金净流入分析,涨跌分析
隆基绿能近半年成交量分析,涨跌分析
宁德时代今年以来股东增长率分析,涨跌分析
海康威视今年以来成交量分析,涨跌分析
比亚迪近半年主力资金净流入分析,涨跌分析
东方财富今年以来主力资金净流入分析,涨跌分析
五粮液近半年主力资金净流入分析,涨跌分析
宁德时代近1月涨幅分析,涨跌分析
比亚迪近半年市盈率分析,涨跌分析
立讯精密近半年市净率分析,涨跌分析
立讯精密近3月主力资金净流入分析,涨跌分析
中芯国际近半年主力资金净流入分析,涨跌分析
隆基绿能近半年市净率分析,涨跌分析
贵州茅台今年以来市盈率分析,涨跌分析
比亚迪今年以来市盈率分析,涨跌分析
比亚迪今年以来市盈率分析,涨跌分析
隆基绿能近半年成交量分析,涨跌分析
比亚迪近3月成交量分析,涨跌分析
比亚迪近3月市盈率分析,涨跌分析
贵州茅台近3月市盈率分析,涨跌分析
宁德时代近1月市净率分析,涨跌分析
比亚迪近3月股东增长率分析,涨跌分析
比亚迪近半年股东增长率分析,涨跌分析
隆基绿能近1月涨幅分析,涨跌分析
海康威视近3月涨幅分析,涨跌分析
中芯国际今年以来市净率分析,涨跌分析
中芯国际今年以来股东增长率分析,涨跌分析
宁德时代今年以来股东增长率分析,涨跌分析
宁德时代近1月涨幅分析,涨跌分析
隆基绿能近3月市净率分析,涨跌分析
贵州茅台近1月市盈率分析,涨跌分析
贵州茅台今年以来市盈率分析,涨跌分析
中芯国际今年以来涨幅分析,涨跌分析
东方财富近1月市净率分析,涨跌分析
比亚迪近3月成交量分析,涨跌分析
贵州茅台近半年涨幅分析,涨跌分析
立讯精密近1月成交量分析,涨跌分析
贵州茅台近1月主力资金净流入分析,涨跌分析
立讯精密近1月市净率分析,涨跌分析
立讯精密今年以来股东增长率分析,涨跌分析
贵州茅台近3月成交量分析,涨跌分析
贵州茅台今年以来市盈率分析,涨跌分析
比亚迪近半年市盈率分析,涨跌分析
宁德时代近1月股东增长率分析,涨跌分析
宁德时代近半年市净率分析,涨跌分析
中芯国际近半年成交量分析,涨跌分析
立讯精密今年以来成交量分析,涨跌分析
东方财富今年以来主力资金净流入分析,涨跌分析
比亚迪近3月主力资金净流入分析,涨跌分析
贵州茅台今年以来股东增长率分析,涨跌分析
立讯精密近1月市净率分析,涨跌分析
东方财富近半年成交量分析,涨跌分析
东方财富近1月成交量分析,涨跌分析
中芯国际近3月股东增长率分析,涨跌分析
比亚迪近3月主力资金净流入分析,涨跌分析
海康威视今年以来主力资金净流入分析,涨跌分析
五粮液今年以来股东增长率分析,涨跌分析
中芯国际今年以来市净率分析,涨跌分析
五粮液今年以来涨幅分析,涨跌分析
海康威视今年以来主力资金净流入分析,涨跌分析
隆基绿能近3月成交量分析,涨跌分析
宁德时代今年以来成交量分析,涨跌分析
五粮液近3月涨幅分析,涨跌分析
中芯国际近3月成交量分析,涨跌分析
东方财富近半年成交量分析,涨跌分析
海康威视近3月成交量分析,涨跌分析
五粮液近1月市盈率分析,涨跌分析
海康威视近半年主力资金净流入分析,涨跌分析
比亚迪近半年股东增长率分析,涨跌分析
五粮液近1月市净率分析,涨跌分析
贵州茅台近3月市净率分析,涨跌分析
比亚迪近3月主力资金净流入分析,涨跌分析
宁德时代近1月成交量分析,涨跌分析
五粮液近3月市净率分析,涨跌分析
中芯国际近3月市净率分析,涨跌分析
海康威视近半年市盈率分析,涨跌分析
宁德时代近1月市盈率分析,涨跌分析
宁德时代今年以来市盈率分析,涨跌分析
东方财富近半年成交量分析,涨跌分析
中芯国际近1月涨幅分析,涨跌分析
贵州茅台近3月市盈率分析,涨跌分析
东方财富近半年主力资金净流入分析,涨跌分析
海康威视近3月股东增长率分析,涨跌分析
东方财富今年以来主力资金净流入分析,涨跌分析
立讯精密近1月成交量分析,涨跌分析
隆基绿能近3月主力资金净流入分析,涨跌分析
中芯国际近3月市净率分析,涨跌分析
宁德时代近半年市盈率分析,涨跌分析
五粮液近半年市盈率分析,涨跌分析
宁德时代近1月市盈率分析,涨跌分析
比亚迪近半年市盈率分析,涨跌分析
隆基绿能今年以来市盈率分析,涨跌分析
五粮液今年以来主力资金净流入分析,涨跌分析
贵州茅台今年以来市净率分析,涨跌分析
宁德时代今年以来涨幅分析,涨跌分析
隆基绿能近半年主力资金净流入分析,涨跌分析
五粮液近半年市盈率分析,涨跌分析
海康威视今年以来涨幅分析,涨跌分析
中芯国际近1月涨幅分析,涨跌分析
五粮液近半年主力资金净流入分析,涨跌分析
中芯国际近1月市盈率分析,涨跌分析
五粮液近3月股东增长率分析,涨跌分析
立讯精密今年以来主力资金净流入分析,涨跌分析
比亚迪近3月主力资金净流入分析,涨跌分析
东方财富近1月主力资金净流入分析,涨跌分析
贵州茅台近1月成交量分析,涨跌分析
海康威视近3月股东增长率分析,涨跌分析
立讯精密近1月股东增长率分析,涨跌分析
海康威视今年以来涨幅分析,涨跌分析
宁德时代近半年涨幅分析,涨跌分析
贵州茅台近半年成交量分析,涨跌分析
五粮液近1月股东增长率分析,涨跌分析
帮我分析自选股比亚迪,自选股分析
帮我分析自选股宁德时代,自选股分析
帮我分析自选股五粮液,自选股分析
帮我分析自选股隆基绿能,自选股分析
帮我分析自选股立讯精密,自选股分析
帮我分析自选股贵州茅台,自选股分析
帮我分析自选股宁德时代,自选股分析
帮我分析自选股海康威视,自选股分析
帮我分析自选股隆基绿能,自选股分析
帮我分析自选股贵州茅台,自选股分析
帮我分析自选股东方财富,自选股分析
帮我分析自选股东方财富,自选股分析
帮我分析自选股立讯精密,自选股分析
帮我分析自选股海康威视,自选股分析
帮我分析自选股中芯国际,自选股分析
帮我分析自选股立讯精密,自选股分析
帮我分析自选股东方财富,自选股分析
帮我分析自选股五粮液,自选股分析
帮我分析自选股中芯国际,自选股分析
帮我分析自选股立讯精密,自选股分析
帮我分析自选股中芯国际,自选股分析
帮我分析自选股东方财富,自选股分析
帮我分析自选股海康威视,自选股分析
帮我分析自选股中芯国际,自选股分析
帮我分析自选股比亚迪,自选股分析
帮我分析自选股中芯国际,自选股分析
帮我分析自选股宁德时代,自选股分析
帮我分析自选股海康威视,自选股分析
帮我分析自选股中芯国际,自选股分析
帮我分析自选股海康威视,自选股分析
帮我分析自选股比亚迪,自选股分析
帮我分析自选股中芯国际,自选股分析
帮我分析自选股五粮液,自选股分析
帮我分析自选股东方财富,自选股分析
帮我分析自选股贵州茅台,自选股分析
帮我分析自选股海康威视,自选股分析
帮我分析自选股比亚迪,自选股分析
帮我分析自选股宁德时代,自选股分析
帮我分析自选股中芯国际,自选股分析
帮我分析自选股宁德时代,自选股分析
帮我分析自选股贵州茅台,自选股分析
帮我分析自选股贵州茅台,自选股分析
帮我分析自选股比亚迪,自选股分析
帮我分析自选股东方财富,自选股分析
帮我分析自选股宁德时代,自选股分析
帮我分析自选股立讯精密,自选股分析
帮我分析自选股宁德时代,自选股分析
帮我分析自选股中芯国际,自选股分析
帮我分析自选股宁德时代,自选股分析
帮我分析自选股比亚迪,自选股分析
帮我分析自选股东方财富,自选股分析
帮我分析自选股宁德时代,自选股分析
帮我分析自选股五粮液,自选股分析
帮我分析自选股比亚迪,自选股分析
帮我分析自选股隆基绿能,自选股分析
帮我分析自选股比亚迪,自选股分析
帮我分析自选股立讯精密,自选股分析
帮我分析自选股中芯国际,自选股分析
帮我分析自选股宁德时代,自选股分析
帮我分析自选股比亚迪,自选股分析
帮我分析自选股海康威视,自选股分析
帮我分析自选股贵州茅台,自选股分析
帮我分析自选股五粮液,自选股分析
帮我分析自选股海康威视,自选股分析
帮我分析自选股中芯国际,自选股分析
帮我分析自选股海康威视,自选股分析
帮我分析自选股海康威视,自选股分析
帮我分析自选股宁德时代,自选股分析
帮我分析自选股隆基绿能,自选股分析
帮我分析自选股比亚迪,自选股分析
帮我分析自选股立讯精密,自选股分析
帮我分析自选股宁德时代,自选股分析
帮我分析自选股隆基绿能,自选股分析
帮我分析自选股立讯精密,自选股分析
帮我分析自选股贵州茅台,自选股分析
帮我分析自选股中芯国际,自选股分析
帮我分析自选股隆基绿能,自选股分析
帮我分析自选股隆基绿能,自选股分析
帮我分析自选股中芯国际,自选股分析
帮我分析自选股东方财富,自选股分析
帮我分析自选股宁德时代,自选股分析
帮我分析自选股中芯国际,自选股分析
帮我分析自选股比亚迪,自选股分析
帮我分析自选股贵州茅台,自选股分析
帮我分析自选股隆基绿能,自选股分析
帮我分析自选股宁德时代,自选股分析
帮我分析自选股立讯精密,自选股分析
帮我分析自选股隆基绿能,自选股分析
帮我分析自选股五粮液,自选股分析
帮我分析自选股立讯精密,自选股分析
帮我分析自选股中芯国际,自选股分析
帮我分析自选股东方财富,自选股分析
帮我分析自选股隆基绿能,自选股分析
帮我分析自选股东方财富,自选股分析
帮我分析自选股比亚迪,自选股分析
帮我分析自选股东方财富,自选股分析
帮我分析自选股宁德时代,自选股分析
帮我分析自选股立讯精密,自选股分析
帮我分析自选股东方财富,自选股分析
帮我分析自选股隆基绿能,自选股分析
帮我分析自选股隆基绿能,自选股分析
帮我分析自选股中芯国际,自选股分析
帮我分析自选股海康威视,自选股分析
帮我分析自选股隆基绿能,自选股分析
帮我分析自选股比亚迪,自选股分析
帮我分析自选股五粮液,自选股分析
帮我分析自选股五粮液,自选股分析
帮我分析自选股海康威视,自选股分析
帮我分析自选股隆基绿能,自选股分析
帮我分析自选股海康威视,自选股分析
帮我分析自选股比亚迪,自选股分析
帮我分析自选股东方财富,自选股分析
帮我分析自选股五粮液,自选股分析
帮我分析自选股中芯国际,自选股分析
帮我分析自选股海康威视,自选股分析
帮我分析自选股五粮液,自选股分析
帮我分析自选股立讯精密,自选股分析
帮我分析自选股海康威视,自选股分析
帮我分析自选股比亚迪,自选股分析
帮我分析自选股立讯精密,自选股分析
帮我分析自选股海康威视,自选股分析
帮我分析自选股宁德时代,自选股分析
帮我分析自选股贵州茅台,自选股分析
帮我分析自选股海康威视,自选股分析
帮我分析自选股东方财富,自选股分析
帮我分析自选股立讯精密,自选股分析
帮我分析自选股贵州茅台,自选股分析
帮我分析自选股贵州茅台,自选股分析
帮我分析自选股宁德时代,自选股分析
帮我分析自选股东方财富,自选股分析
帮我分析自选股比亚迪,自选股分析
帮我分析自选股立讯精密,自选股分析
帮我分析自选股海康威视,自选股分析
帮我分析自选股隆基绿能,自选股分析
帮我分析自选股五粮液,自选股分析
帮我分析自选股隆基绿能,自选股分析
帮我分析自选股比亚迪,自选股分析
帮我分析自选股隆基绿能,自选股分析
帮我分析自选股东方财富,自选股分析
帮我分析自选股立讯精密,自选股分析
帮我分析自选股五粮液,自选股分析
帮我分析自选股立讯精密,自选股分析
帮我分析自选股中芯国际,自选股分析
帮我分析自选股比亚迪,自选股分析
帮我分析自选股立讯精密,自选股分析
帮我分析自选股海康威视,自选股分析
帮我分析自选股五粮液,自选股分析
帮我分析自选股比亚迪,自选股分析
帮我分析自选股隆基绿能,自选股分析
帮我分析自选股海康威视,自选股分析
帮我分析自选股五粮液,自选股分析
帮我分析自选股中芯国际,自选股分析
帮我分析自选股海康威视,自选股分析
帮我分析自选股比亚迪,自选股分析
帮我分析自选股海康威视,自选股分析
帮我分析自选股隆基绿能,自选股分析
帮我分析自选股比亚迪,自选股分析
帮我分析自选股东方财富,自选股分析
帮我分析自选股立讯精密,自选股分析
帮我分析自选股隆基绿能,自选股分析
帮我分析自选股海康威视,自选股分析
帮我分析自选股贵州茅台,自选股分析
帮我分析自选股隆基绿能,自选股分析
帮我分析自选股比亚迪,自选股分析
帮我分析自选股五粮液,自选股分析
帮我分析自选股五粮液,自选股分析
帮我分析自选股宁德时代,自选股分析
帮我分析自选股东方财富,自选股分析
帮我分析自选股立讯精密,自选股分析
帮我分析自选股立讯精密,自选股分析
帮我分析自选股东方财富,自选股分析
帮我分析自选股五粮液,自选股分析
帮我分析自选股立讯精密,自选股分析
帮我分析自选股五粮液,自选股分析
帮我分析自选股五粮液,自选股分析
帮我分析自选股立讯精密,自选股分析
帮我分析自选股东方财富,自选股分析
帮我分析自选股贵州茅台,自选股分析
帮我分析自选股贵州茅台,自选股分析
帮我分析自选股宁德时代,自选股分析
帮我分析自选股东方财富,自选股分析
帮我分析自选股中芯国际,自选股分析
帮我分析自选股海康威视,自选股分析
帮我分析自选股中芯国际,自选股分析
帮我分析自选股五粮液,自选股分析
帮我分析自选股隆基绿能,自选股分析
帮我分析自选股比亚迪,自选股分析
帮我分析自选股五粮液,自选股分析
帮我分析自选股贵州茅台,自选股分析
帮我分析自选股宁德时代,自选股分析
帮我分析自选股比亚迪,自选股分析
帮我分析自选股东方财富,自选股分析
帮我分析自选股隆基绿能,自选股分析
帮我分析自选股贵州茅台,自选股分析
帮我分析自选股立讯精密,自选股分析
帮我分析自选股立讯精密,自选股分析
帮我分析自选股宁德时代,自选股分析
帮我分析自选股宁德时代,自选股分析
帮我分析自选股中芯国际,自选股分析
帮我分析自选股宁德时代,自选股分析
帮我分析自选股立讯精密,自选股分析
帮我分析自选股中芯国际,自选股分析
帮我分析自选股隆基绿能,自选股分析
帮我分析自选股贵州茅台,自选股分析
帮我分析自选股比亚迪,自选股分析
帮我分析自选股海康威视,自选股分析
帮我分析自选股五粮液,自选股分析
帮我分析自选股隆基绿能,自选股分析
帮我分析自选股隆基绿能,自选股分析
帮我分析自选股东方财富,自选股分析
帮我分析自选股五粮液,自选股分析
帮我分析自选股比亚迪,自选股分析
帮我分析自选股比亚迪,自选股分析
帮我分析自选股隆基绿能,自选股分析
帮我分析自选股海康威视,自选股分析
帮我分析自选股贵州茅台,自选股分析
帮我分析自选股五粮液,自选股分析
帮我分析自选股比亚迪,自选股分析
帮我分析自选股海康威视,自选股分析
帮我分析自选股隆基绿能,自选股分析
帮我分析自选股隆基绿能,自选股分析
帮我分析自选股五粮液,自选股分析
帮我分析自选股立讯精密,自选股分析
帮我分析自选股中芯国际,自选股分析
帮我分析自选股隆基绿能,自选股分析
帮我分析自选股隆基绿能,自选股分析
帮我分析自选股东方财富,自选股分析
帮我分析自选股东方财富,自选股分析
帮我分析自选股五粮液,自选股分析
帮我分析自选股中芯国际,自选股分析
帮我分析自选股比亚迪,自选股分析
帮我分析自选股比亚迪,自选股分析
帮我分析自选股比亚迪,自选股分析
帮我分析自选股立讯精密,自选股分析
帮我分析自选股宁德时代,自选股分析
帮我分析自选股比亚迪,自选股分析
帮我分析自选股宁德时代,自选股分析
帮我分析自选股立讯精密,自选股分析
帮我分析自选股立讯精密,自选股分析
帮我分析自选股东方财富,自选股分析
帮我分析自选股贵州茅台,自选股分析
帮我分析自选股宁德时代,自选股分析
帮我分析自选股贵州茅台,自选股分析
帮我分析自选股贵州茅台,自选股分析
帮我分析自选股五粮液,自选股分析
帮我分析自选股比亚迪,自选股分析
帮我分析自选股立讯精密,自选股分析
帮我分析自选股海康威视,自选股分析
帮我分析自选股海康威视,自选股分析
帮我分析自选股海康威视,自选股分析
帮我分析自选股五粮液,自选股分析
帮我分析自选股隆基绿能,自选股分析
帮我分析自选股东方财富,自选股分析
帮我分析自选股海康威视,自选股分析
帮我分析自选股立讯精密,自选股分析
帮我分析自选股隆基绿能,自选股分析
帮我分析自选股隆基绿能,自选股分析
帮我分析自选股立讯精密,自选股分析
帮我分析自选股东方财富,自选股分析
帮我分析自选股比亚迪,自选股分析
帮我分析自选股隆基绿能,自选股分析
帮我分析自选股东方财富,自选股分析
帮我分析自选股贵州茅台,自选股分析
帮我分析自选股海康威视,自选股分析
帮我分析自选股贵州茅台,自选股分析
帮我分析自选股立讯精密,自选股分析
帮我分析自选股贵州茅台,自选股分析
帮我分析自选股贵州茅台,自选股分析
帮我分析自选股东方财富,自选股分析
帮我分析自选股五粮液,自选股分析
帮我分析自选股比亚迪,自选股分析
帮我分析自选股五粮液,自选股分析
帮我分析自选股贵州茅台,自选股分析
帮我分析自选股五粮液,自选股分析
帮我分析自选股立讯精密,自选股分析
帮我分析自选股中芯国际,自选股分析
帮我分析自选股比亚迪,自选股分析
帮我分析自选股海康威视,自选股分析
帮我分析自选股五粮液,自选股分析
帮我分析自选股五粮液,自选股分析
帮我分析自选股宁德时代,自选股分析
帮我分析自选股立讯精密,自选股分析
帮我分析自选股立讯精密,自选股分析
帮我分析自选股东方财富,自选股分析
帮我分析自选股隆基绿能,自选股分析
帮我分析自选股东方财富,自选股分析
帮我分析自选股东方财富,自选股分析
帮我分析自选股东方财富,自选股分析
帮我分析自选股贵州茅台,自选股分析
帮我分析自选股比亚迪,自选股分析
帮我分析自选股中芯国际,自选股分析
帮我分析自选股贵州茅台,自选股分析
帮我分析自选股隆基绿能,自选股分析
帮我分析自选股立讯精密,自选股分析
帮我分析自选股海康威视,自选股分析
帮我分析自选股中芯国际,自选股分析
帮我分析自选股比亚迪,自选股分析
帮我分析自选股比亚迪,自选股分析
帮我分析自选股贵州茅台,自选股分析
帮我分析自选股中芯国际,自选股分析
帮我分析自选股东方财富,自选股分析
帮我分析自选股立讯精密,自选股分析
帮我分析自选股比亚迪,自选股分析
帮我分析自选股贵州茅台,自选股分析
帮我分析自选股宁德时代,自选股分析
帮我分析自选股隆基绿能,自选股分析
帮我分析自选股宁德时代,自选股分析
帮我分析自选股中芯国际,自选股分析
帮我分析自选股中芯国际,自选股分析
帮我分析自选股五粮液,自选股分析
帮我分析自选股隆基绿能,自选股分析
帮我分析自选股宁德时代,自选股分析
帮我分析自选股海康威视,自选股分析
帮我分析自选股隆基绿能,自选股分析
帮我分析自选股贵州茅台,自选股分析
帮我分析自选股隆基绿能,自选股分析
帮我分析自选股中芯国际,自选股分析
帮我分析自选股贵州茅台,自选股分析
帮我分析自选股宁德时代,自选股分析
帮我分析自选股东方财富,自选股分析
帮我分析自选股五粮液,自选股分析
帮我分析自选股宁德时代,自选股分析
帮我分析自选股立讯精密,自选股分析
帮我分析自选股中芯国际,自选股分析
帮我分析自选股五粮液,自选股分析
帮我分析自选股东方财富,自选股分析
帮我分析自选股隆基绿能,自选股分析
帮我分析自选股比亚迪,自选股分析
帮我分析自选股隆基绿能,自选股分析
帮我分析自选股海康威视,自选股分析
帮我分析自选股中芯国际,自选股分析
帮我分析自选股五粮液,自选股分析
帮我分析自选股贵州茅台,自选股分析
帮我分析自选股贵州茅台,自选股分析
帮我分析自选股贵州茅台,自选股分析
帮我分析自选股比亚迪,自选股分析
帮我分析自选股东方财富,自选股分析
帮我分析自选股海康威视,自选股分析
帮我分析自选股隆基绿能,自选股分析
帮我分析自选股东方财富,自选股分析
帮我分析自选股宁德时代,自选股分析
帮我分析自选股贵州茅台,自选股分析
帮我分析自选股宁德时代,自选股分析
帮我分析自选股五粮液,自选股分析
帮我分析自选股贵州茅台,自选股分析
帮我分析自选股中芯国际,自选股分析
帮我分析自选股五粮液,自选股分析
帮我分析自选股东方财富,自选股分析
帮我分析自选股东方财富,自选股分析
帮我分析自选股五粮液,自选股分析
帮我分析自选股海康威视,自选股分析
帮我分析自选股比亚迪,自选股分析
帮我分析自选股隆基绿能,自选股分析
帮我分析自选股宁德时代,自选股分析
帮我分析自选股贵州茅台,自选股分析
帮我分析自选股比亚迪,自选股分析
帮我分析自选股贵州茅台,自选股分析
帮我分析自选股立讯精密,自选股分析
帮我分析自选股比亚迪,自选股分析
帮我分析自选股立讯精密,自选股分析
帮我分析自选股立讯精密,自选股分析
帮我分析自选股五粮液,自选股分析
帮我分析自选股立讯精密,自选股分析
帮我分析自选股立讯精密,自选股分析
帮我分析自选股比亚迪,自选股分析
帮我分析自选股立讯精密,自选股分析
帮我分析自选股东方财富,自选股分析
帮我分析自选股比亚迪,自选股分析
帮我分析自选股五粮液,自选股分析
帮我分析自选股中芯国际,自选股分析
帮我分析自选股贵州茅台,自选股分析
帮我分析自选股中芯国际,自选股分析
帮我分析自选股东方财富,自选股分析
帮我分析自选股五粮液,自选股分析
帮我分析自选股贵州茅台,自选股分析
帮我分析自选股宁德时代,自选股分析
帮我分析自选股隆基绿能,自选股分析
帮我分析自选股东方财富,自选股分析
帮我分析自选股立讯精密,自选股分析
帮我分析自选股比亚迪,自选股分析
帮我分析自选股五粮液,自选股分析
帮我分析自选股海康威视,自选股分析
帮我分析自选股立讯精密,自选股分析
帮我分析自选股海康威视,自选股分析
帮我分析自选股立讯精密,自选股分析
帮我分析自选股比亚迪,自选股分析
帮我分析自选股立讯精密,自选股分析
帮我分析自选股宁德时代,自选股分析
帮我分析自选股隆基绿能,自选股分析
帮我分析自选股立讯精密,自选股分析
帮我分析自选股贵州茅台,自选股分析
帮我分析自选股五粮液,自选股分析
帮我分析自选股立讯精密,自选股分析
帮我分析自选股海康威视,自选股分析
帮我分析自选股东方财富,自选股分析
帮我分析自选股海康威视,自选股分析
帮我分析自选股贵州茅台,自选股分析
帮我分析自选股立讯精密,自选股分析
帮我分析自选股比亚迪,自选股分析
帮我分析自选股宁德时代,自选股分析
帮我分析自选股比亚迪,自选股分析
帮我分析自选股中芯国际,自选股分析
帮我分析自选股立讯精密,自选股分析
帮我分析自选股中芯国际,自选股分析
帮我分析自选股立讯精密,自选股分析
帮我分析自选股隆基绿能,自选股分析
帮我分析自选股隆基绿能,自选股分析
帮我分析自选股立讯精密,自选股分析
帮我分析自选股比亚迪,自选股分析
帮我分析自选股中芯国际,自选股分析
帮我分析自选股五粮液,自选股分析
帮我分析自选股立讯精密,自选股分析
帮我分析自选股贵州茅台,自选股分析
帮我分析自选股立讯精密,自选股分析
帮我分析自选股五粮液,自选股分析
帮我分析自选股隆基绿能,自选股分析
帮我分析自选股东方财富,自选股分析
帮我分析自选股立讯精密,自选股分析
帮我分析自选股宁德时代,自选股分析
帮我分析自选股海康威视,自选股分析
帮我分析自选股隆基绿能,自选股分析
帮我分析自选股东方财富,自选股分析
帮我分析自选股贵州茅台,自选股分析
帮我分析自选股立讯精密,自选股分析
帮我分析自选股比亚迪,自选股分析
帮我分析自选股贵州茅台,自选股分析
帮我分析自选股海康威视,自选股分析
帮我分析自选股隆基绿能,自选股分析
帮我分析自选股东方财富,自选股分析
帮我分析自选股海康威视,自选股分析
帮我分析自选股比亚迪,自选股分析
帮我分析自选股隆基绿能,自选股分析
帮我分析自选股比亚迪,自选股分析
帮我分析自选股中芯国际,自选股分析
帮我分析自选股海康威视,自选股分析
帮我分析自选股比亚迪,自选股分析
帮我分析自选股立讯精密,自选股分析
帮我分析自选股海康威视,自选股分析
帮我分析自选股宁德时代,自选股分析
帮我分析自选股中芯国际,自选股分析
帮我分析自选股中芯国际,自选股分析
帮我分析自选股东方财富,自选股分析
帮我分析自选股宁德时代,自选股分析
帮我分析自选股立讯精密,自选股分析
帮我分析自选股隆基绿能,自选股分析
帮我分析自选股中芯国际,自选股分析
帮我分析自选股立讯精密,自选股分析
帮我分析自选股宁德时代,自选股分析
帮我分析自选股中芯国际,自选股分析
帮我分析自选股东方财富,自选股分析
帮我分析自选股隆基绿能,自选股分析
帮我分析自选股五粮液,自选股分析
帮我分析自选股贵州茅台,自选股分析
帮我分析自选股隆基绿能,自选股分析
帮我分析自选股比亚迪,自选股分析
帮我分析自选股东方财富,自选股分析
帮我分析自选股中芯国际,自选股分析
帮我分析自选股中芯国际,自选股分析
帮我分析自选股贵州茅台,自选股分析
帮我分析自选股五粮液,自选股分析
帮我分析自选股海康威视,自选股分析
帮我分析自选股贵州茅台,自选股分析
帮我分析自选股东方财富,自选股分析
帮我分析自选股中芯国际,自选股分析
帮我分析自选股立讯精密,自选股分析
帮我分析自选股隆基绿能,自选股分析
帮我分析自选股海康威视,自选股分析
帮我分析自选股中芯国际,自选股分析
帮我分析自选股贵州茅台,自选股分析
帮我分析自选股东方财富,自选股分析
帮我分析自选股立讯精密,自选股分析
帮我分析自选股东方财富,自选股分析
帮我分析自选股宁德时代,自选股分析
帮我分析自选股比亚迪,自选股分析
帮我分析自选股东方财富,自选股分析
帮我分析自选股贵州茅台,自选股分析
帮我分析自选股贵州茅台,自选股分析
帮我分析自选股五粮液,自选股分析
帮我分析自选股宁德时代,自选股分析
帮我分析自选股立讯精密,自选股分析
帮我分析自选股中芯国际,自选股分析
帮我分析自选股东方财富,自选股分析
帮我分析自选股立讯精密,自选股分析
帮我分析自选股贵州茅台,自选股分析
帮我分析自选股比亚迪,自选股分析
帮我分析自选股中芯国际,自选股分析
帮我分析自选股五粮液,自选股分析
帮我分析自选股东方财富,自选股分析
帮我分析自选股东方财富,自选股分析
帮我分析自选股宁德时代,自选股分析
帮我分析自选股中芯国际,自选股分析
帮我分析自选股宁德时代,自选股分析
帮我分析自选股立讯精密,自选股分析
帮我分析自选股五粮液,自选股分析
帮我分析自选股贵州茅台,自选股分析
帮我分析自选股比亚迪,自选股分析
帮我分析自选股比亚迪,自选股分析
帮我分析自选股五粮液,自选股分析
帮我分析自选股隆基绿能,自选股分析
帮我分析自选股隆基绿能,自选股分析
什么是涨幅,知识问答
什么是股东增长率,知识问答
什么是市盈率,知识问答
什么是成交量,知识问答
什么是股东增长率,知识问答
什么是主力资金净流入,知识问答
什么是股东增长率,知识问答
什么是涨幅,知识问答
什么是涨幅,知识问答
什么是市盈率,知识问答
什么是主力资金净流入,知识问答
什么是市盈率,知识问答
什么是涨幅,知识问答
什么是主力资金净流入,知识问答
什么是市净率,知识问答
什么是成交量,知识问答
什么是主力资金净流入,知识问答
什么是成交量,知识问答
什么是市净率,知识问答
什么是市净率,知识问答
什么是股东增长率,知识问答
什么是股东增长率,知识问答
什么是涨幅,知识问答
什么是成交量,知识问答
什么是涨幅,知识问答
什么是成交量,知识问答
什么是市净率,知识问答
什么是市盈率,知识问答
什么是市净率,知识问答
什么是主力资金净流入,知识问答
什么是股东增长率,知识问答
什么是涨幅,知识问答
什么是市盈率,知识问答
什么是涨幅,知识问答
什么是市盈率,知识问答
什么是市盈率,知识问答
什么是成交量,知识问答
什么是市净率,知识问答
什么是涨幅,知识问答
什么是涨幅,知识问答
什么是市盈率,知识问答
什么是成交量,知识问答
什么是成交量,知识问答
什么是主力资金净流入,知识问答
什么是股东增长率,知识问答
什么是成交量,知识问答
什么是市净率,知识问答
什么是主力资金净流入,知识问答
什么是成交量,知识问答
什么是市净率,知识问答
什么是股东增长率,知识问答
什么是市盈率,知识问答
什么是市净率,知识问答
什么是成交量,知识问答
什么是市盈率,知识问答
什么是成交量,知识问答
什么是股东增长率,知识问答
什么是市净率,知识问答
什么是主力资金净流入,知识问答
什么是市净率,知识问答
什么是成交量,知识问答
什么是股东增长率,知识问答
什么是市盈率,知识问答
什么是成交量,知识问答
什么是股东增长率,知识问答
什么是股东增长率,知识问答
什么是市盈率,知识问答
什么是涨幅,知识问答
什么是涨幅,知识问答
什么是市盈率,知识问答
什么是涨幅,知识问答
什么是主力资金净流入,知识问答
什么是涨幅,知识问答
什么是股东增长率,知识问答
什么是成交量,知识问答
什么是主力资金净流入,知识问答
什么是市盈率,知识问答
什么是主力资金净流入,知识问答
什么是股东增长率,知识问答
什么是市盈率,知识问答
什么是成交量,知识问答
什么是主力资金净流入,知识问答
什么是涨幅,知识问答
什么是成交量,知识问答
什么是股东增长率,知识问答
什么是主力资金净流入,知识问答
什么是涨幅,知识问答
什么是成交量,知识问答
什么是市盈率,知识问答
什么是主力资金净流入,知识问答
什么是市净率,知识问答
什么是主力资金净流入,知识问答
什么是主力资金净流入,知识问答
什么是涨幅,知识问答
什么是市盈率,知识问答
什么是股东增长率,知识问答
什么是成交量,知识问答
什么是成交量,知识问答
什么是市盈率,知识问答
什么是市盈率,知识问答
什么是主力资金净流入,知识问答
什么是成交量,知识问答
什么是涨幅,知识问答
什么是市净率,知识问答
什么是市净率,知识问答
什么是成交量,知识问答
什么是市盈率,知识问答
什么是市盈率,知识问答
什么是市净率,知识问答
什么是主力资金净流入,知识问答
什么是市净率,知识问答
什么是成交量,知识问答
什么是成交量,知识问答
什么是主力资金净流入,知识问答
什么是主力资金净流入,知识问答
什么是成交量,知识问答
什么是主力资金净流入,知识问答
什么是涨幅,知识问答
什么是市盈率,知识问答
什么是成交量,知识问答
什么是市盈率,知识问答
什么是涨幅,知识问答
什么是市净率,知识问答
什么是成交量,知识问答
什么是涨幅,知识问答
什么是成交量,知识问答
什么是市盈率,知识问答
什么是市净率,知识问答
什么是市盈率,知识问答
什么是市净率,知识问答
什么是涨幅,知识问答
什么是主力资金净流入,知识问答
什么是股东增长率,知识问答
什么是成交量,知识问答
什么是市净率,知识问答
什么是市盈率,知识问答
什么是股东增长率,知识问答
什么是主力资金净流入,知识问答
什么是股东增长率,知识问答
什么是涨幅,知识问答
什么是成交量,知识问答
什么是涨幅,知识问答
什么是市盈率,知识问答
什么是成交量,知识问答
什么是涨幅,知识问答
什么是股东增长率,知识问答
什么是股东增长率,知识问答
什么是主力资金净流入,知识问答
什么是市净率,知识问答
什么是股东增长率,知识问答
什么是成交量,知识问答
什么是股东增长率,知识问答
什么是主力资金净流入,知识问答
什么是市净率,知识问答
什么是主力资金净流入,知识问答
什么是市盈率,知识问答
什么是涨幅,知识问答
什么是主力资金净流入,知识问答
什么是成交量,知识问答
什么是成交量,知识问答
什么是涨幅,知识问答
什么是市盈率,知识问答
什么是市净率,知识问答
什么是市盈率,知识问答
什么是市盈率,知识问答
什么是主力资金净流入,知识问答
什么是市盈率,知识问答
什么是市净率,知识问答
什么是涨幅,知识问答
什么是股东增长率,知识问答
什么是股东增长率,知识问答
什么是市盈率,知识问答
什么是市盈率,知识问答
什么是成交量,知识问答
什么是市净率,知识问答
什么是涨幅,知识问答
什么是主力资金净流入,知识问答
什么是股东增长率,知识问答
什么是股东增长率,知识问答
什么是成交量,知识问答
什么是成交量,知识问答
什么是涨幅,知识问答
什么是成交量,知识问答
什么是主力资金净流入,知识问答
什么是涨幅,知识问答
什么是涨幅,知识问答
什么是市盈率,知识问答
什么是涨幅,知识问答
什么是主力资金净流入,知识问答
什么是市盈率,知识问答
什么是主力资金净流入,知识问答
什么是市净率,知识问答
什么是主力资金净流入,知识问答
什么是市净率,知识问答
什么是成交量,知识问答
什么是市盈率,知识问答
什么是市盈率,知识问答
什么是成交量,知识问答
什么是市盈率,知识问答
什么是涨幅,知识问答
什么是市盈率,知识问答
什么是市净率,知识问答
什么是涨幅,知识问答
什么是涨幅,知识问答
什么是市净率,知识问答
什么是涨幅,知识问答
什么是主力资金净流入,知识问答
什么是市盈率,知识问答
什么是市净率,知识问答
什么是股东增长率,知识问答
什么是主力资金净流入,知识问答
什么是股东增长率,知识问答
什么是主力资金净流入,知识问答
什么是市净率,知识问答
什么是成交量,知识问答
什么是涨幅,知识问答
什么是市净率,知识问答
什么是市盈率,知识问答
什么是主力资金净流入,知识问答
什么是涨幅,知识问答
什么是成交量,知识问答
什么是市净率,知识问答
什么是股东增长率,知识问答
什么是涨幅,知识问答
什么是主力资金净流入,知识问答
什么是市净率,知识问答
什么是市盈率,知识问答
什么是市盈率,知识问答
什么是涨幅,知识问答
什么是市盈率,知识问答
什么是主力资金净流入,知识问答
什么是主力资金净流入,知识问答
什么是成交量,知识问答
什么是成交量,知识问答
什么是主力资金净流入,知识问答
什么是成交量,知识问答
什么是涨幅,知识问答
什么是股东增长率,知识问答
什么是股东增长率,知识问答
什么是成交量,知识问答
什么是涨幅,知识问答
什么是市净率,知识问答
什么是市净率,知识问答
什么是股东增长率,知识问答
什么是涨幅,知识问答
什么是市净率,知识问答
什么是主力资金净流入,知识问答
什么是市净率,知识问答
什么是主力资金净流入,知识问答
什么是市净率,知识问答
什么是市盈率,知识问答
什么是市盈率,知识问答
什么是涨幅,知识问答
什么是市净率,知识问答
什么是市净率,知识问答
什么是涨幅,知识问答
什么是涨幅,知识问答
什么是市盈率,知识问答
什么是涨幅,知识问答
什么是主力资金净流入,知识问答
什么是市盈率,知识问答
什么是市盈率,知识问答
什么是成交量,知识问答
什么是股东增长率,知识问答
什么是主力资金净流入,知识问答
什么是涨幅,知识问答
什么是主力资金净流入,知识问答
什么是市盈率,知识问答
什么是涨幅,知识问答
什么是涨幅,知识问答
什么是涨幅,知识问答
什么是主力资金净流入,知识问答
什么是股东增长率,知识问答
什么是市盈率,知识问答
什么是成交量,知识问答
什么是市净率,知识问答
什么是主力资金净流入,知识问答
什么是市净率,知识问答
什么是涨幅,知识问答
什么是涨幅,知识问答
什么是股东增长率,知识问答
什么是股东增长率,知识问答
什么是成交量,知识问答
什么是成交量,知识问答
什么是市净率,知识问答
什么是市盈率,知识问答
什么是市盈率,知识问答
什么是涨幅,知识问答
什么是市净率,知识问答
什么是主力资金净流入,知识问答
什么是市盈率,知识问答
什么是市盈率,知识问答
什么是市盈率,知识问答
什么是市净率,知识问答
什么是市盈率,知识问答
什么是涨幅,知识问答
什么是股东增长率,知识问答
什么是市净率,知识问答
什么是市净率,知识问答
什么是成交量,知识问答
什么是成交量,知识问答
什么是股东增长率,知识问答
什么是市盈率,知识问答
什么是市净率,知识问答
什么是市盈率,知识问答
什么是成交量,知识问答
什么是涨幅,知识问答
什么是成交量,知识问答
什么是股东增长率,知识问答
什么是市盈率,知识问答
什么是主力资金净流入,知识问答
什么是股东增长率,知识问答
什么是涨幅,知识问答
什么是股东增长率,知识问答
什么是主力资金净流入,知识问答
什么是市盈率,知识问答
什么是股东增长率,知识问答
什么是涨幅,知识问答
什么是成交量,知识问答
什么是成交量,知识问答
什么是成交量,知识问答
什么是主力资金净流入,知识问答
什么是成交量,知识问答
什么是涨幅,知识问答
什么是涨幅,知识问答
什么是涨幅,知识问答
什么是涨幅,知识问答
什么是成交量,知识问答
什么是涨幅,知识问答
什么是市净率,知识问答
什么是涨幅,知识问答
什么是涨幅,知识问答
什么是成交量,知识问答
什么是市净率,知识问答
什么是成交量,知识问答
什么是股东增长率,知识问答
什么是主力资金净流入,知识问答
什么是主力资金净流入,知识问答
什么是股东增长率,知识问答
什么是成交量,知识问答
什么是市净率,知识问答
什么是涨幅,知识问答
什么是主力资金净流入,知识问答
什么是主力资金净流入,知识问答
什么是涨幅,知识问答
什么是成交量,知识问答
什么是市盈率,知识问答
什么是股东增长率,知识问答
什么是股东增长率,知识问答
什么是市净率,知识问答
什么是涨幅,知识问答
什么是涨幅,知识问答
什么是市盈率,知识问答
什么是股东增长率,知识问答
什么是涨幅,知识问答
什么是主力资金净流入,知识问答
什么是成交量,知识问答
什么是成交量,知识问答
什么是市净率,知识问答
什么是股东增长率,知识问答
什么是主力资金净流入,知识问答
什么是成交量,知识问答
什么是成交量,知识问答
什么是主力资金净流入,知识问答
什么是涨幅,知识问答
什么是市净率,知识问答
什么是市盈率,知识问答
什么是涨幅,知识问答
什么是涨幅,知识问答
什么是涨幅,知识问答
什么是股东增长率,知识问答
什么是成交量,知识问答
什么是市净率,知识问答
什么是成交量,知识问答
什么是主力资金净流入,知识问答
什么是主力资金净流入,知识问答
什么是股东增长率,知识问答
什么是市盈率,知识问答
什么是股东增长率,知识问答
什么是主力资金净流入,知识问答
什么是主力资金净流入,知识问答
什么是市盈率,知识问答
什么是主力资金净流入,知识问答
什么是主力资金净流入,知识问答
什么是成交量,知识问答
什么是成交量,知识问答
什么是主力资金净流入,知识问答
什么是涨幅,知识问答
什么是涨幅,知识问答
什么是成交量,知识问答
什么是成交量,知识问答
什么是主力资金净流入,知识问答
什么是市净率,知识问答
什么是市净率,知识问答
什么是股东增长率,知识问答
什么是市净率,知识问答
什么是主力资金净流入,知识问答
什么是成交量,知识问答
什么是涨幅,知识问答
什么是主力资金净流入,知识问答
什么是市盈率,知识问答
什么是股东增长率,知识问答
什么是成交量,知识问答
什么是市盈率,知识问答
什么是主力资金净流入,知识问答
什么是市净率,知识问答
什么是成交量,知识问答
什么是涨幅,知识问答
什么是市盈率,知识问答
什么是主力资金净流入,知识问答
什么是市净率,知识问答
什么是市盈率,知识问答
什么是主力资金净流入,知识问答
什么是涨幅,知识问答
什么是市盈率,知识问答
什么是成交量,知识问答
什么是涨幅,知识问答
什么是股东增长率,知识问答
什么是市净率,知识问答
什么是市净率,知识问答
什么是主力资金净流入,知识问答
什么是市盈率,知识问答
什么是股东增长率,知识问答
什么是市净率,知识问答
什么是成交量,知识问答
什么是成交量,知识问答
什么是股东增长率,知识问答
什么是股东增长率,知识问答
什么是涨幅,知识问答
什么是市净率,知识问答
什么是成交量,知识问答
什么是市净率,知识问答
什么是股东增长率,知识问答
什么是主力资金净流入,知识问答
什么是成交量,知识问答
什么是股东增长率,知识问答
什么是股东增长率,知识问答
什么是涨幅,知识问答
什么是股东增长率,知识问答
什么是成交量,知识问答
什么是主力资金净流入,知识问答
什么是成交量,知识问答
什么是股东增长率,知识问答
什么是市净率,知识问答
什么是成交量,知识问答
什么是涨幅,知识问答
什么是主力资金净流入,知识问答
什么是市净率,知识问答
什么是成交量,知识问答
什么是股东增长率,知识问答
什么是市净率,知识问答
什么是涨幅,知识问答
什么是涨幅,知识问答
什么是主力资金净流入,知识问答
什么是成交量,知识问答
什么是涨幅,知识问答
什么是涨幅,知识问答
什么是股东增长率,知识问答
什么是市净率,知识问答
什么是主力资金净流入,知识问答
什么是市盈率,知识问答
什么是主力资金净流入,知识问答
什么是涨幅,知识问答
什么是市盈率,知识问答
什么是市盈率,知识问答
什么是股东增长率,知识问答
什么是市盈率,知识问答
什么是市盈率,知识问答
什么是成交量,知识问答
什么是股东增长率,知识问答
什么是股东增长率,知识问答
什么是主力资金净流入,知识问答
什么是涨幅,知识问答
什么是市净率,知识问答
什么是成交量,知识问答
什么是市盈率,知识问答
什么是市盈率,知识问答
什么是市净率,知识问答
什么是主力资金净流入,知识问答
什么是成交量,知识问答
什么是股东增长率,知识问答
什么是股东增长率,知识问答
什么是主力资金净流入,知识问答
什么是市净率,知识问答
什么是涨幅,知识问答
什么是成交量,知识问答
什么是涨幅,知识问答
什么是成交量,知识问答
什么是股东增长率,知识问答
什么是股东增长率,知识问答
什么是主力资金净流入,知识问答
什么是市盈率,知识问答
什么是成交量,知识问答
什么是主力资金净流入,知识问答
什么是涨幅,知识问答
什么是市盈率,知识问答
什么是涨幅,知识问答
什么是股东增长率,知识问答
什么是涨幅,知识问答
什么是股东增长率,知识问答
